ID,FirstName,LastName,Email,Category,TimeLine,Date,Priority,Status,Category/SubCategory
1,Irene,Jimenez,ezaawaajo@ru.io,Other,2 Months,12/17/2020,Medium,Open,Subin/Tempsoft
2,Samuel,Barnes,usiedpe@vet.sz,Product,1 Day,8/25/2020,Medium,InProgress,Latlux/Opela
3,Charlie,Boone,vufun@mo.bd,Other,6 Months,8/21/2020,Medium,Pending,Lotstring/Fix San
4,Philip,Carpenter,jamwarneb@cu.tc,Infrastructure,9 Months,9/15/2020,High,InProgress,It/Subin
5,Eugene,Morgan,moiju@ceil.id,Product,1 Year,3/13/2020,Medium,Closed,Zamit/Sub-Ex
6,Nancy,Cortez,utu@ukopahnu.pg,Other,6 Months,12/26/2020,Medium,Assigned,Ventosanzap/Lotstring
7,Brett,Davidson,gumoj@ba.zm,Product,1 Year,9/17/2020,Medium,Open,Matsoft/Kanlam
8,Eula,Banks,camkaek@fas.lv,Infrastructure,1 Year,12/26/2020,Low,Closed,Voyatouch/It
9,Vernon,Park,ebanomre@al.sb,Product,6 Months,12/29/2020,Low,Open,Fixflex/Bitchip
10,Milton,Lowe,ogocuina@zezto.km,Product,9 Months,3/17/2020,New,Open,Y-find/Cardify
11,Mabel,Snyder,uklu@nowa.vi,Other,2 Months,3/22/2020,High,Open,Latlux/Bitchip
12,Cory,Wilkins,otsu@gioce.hu,Other,3 Months,05/08/20,Low,Assigned,Kanlam/Transcof
13,Troy,Payne,mamite@asli.kg,Product,5 Days,3/19/2020,High,Pending,Quo Lux/Rank
14,Betty,Klein,cetosma@sagis.ad,Product,2 Weeks,03/05/20,New,Assigned,Bitwolf/Wrapsafe
15,Lela,Lewis,fompo@ub.fo,Other,2 Days,02/02/20,Medium,Improvement,Job/Bytecard
16,Frank,Craig,vivru@okopet.mv,Other,5 Days,1/15/2021,High,Open,Bamity/Mat Lam Tam
17,Martin,Jordan,ko@rinehi.mm,Product,9 Months,01/03/21,New,InProgress,It/Y-find
18,Mattie,Robertson,reheheke@orsa.ae,Other,6 Months,10/08/20,High,Pending,Daltfresh/Greenlam
19,Daniel,Ford,votcus@merpugeho.rs,Other,2 Months,7/19/2020,High,Improvement,Wrapsafe/Bitchip
20,Beulah,McGee,befi@miz.am,Product,6 Months,10/27/2020,High,Open,Zoolab/Sonair
21,Isaac,Moore,izsajfu@epo.cv,Infrastructure,2 Months,2/24/2020,Medium,Improvement,Ventosanzap/Overhold
22,Lucinda,Lucas,pu@fuvusjif.tz,Product,2 Days,02/10/20,Low,InProgress,Tres-Zap/Quo Lux
23,Virginia,Hansen,calfasapo@ihi.ae,Product,2 Years,01/12/21,Medium,Assigned,Sonair/Cardguard
24,Minerva,Buchanan,su@ninvek.cf,Other,6 Months,02/04/20,Medium,Improvement,Hatity/Gembucket
25,Fannie,Williamson,irwe@muk.mw,Other,2 Days,6/21/2020,Low,InProgress,Cardguard/Sonair
26,Ray,Jefferson,naw@filhufuw.ge,Other,1 Year,10/13/2020,New,Open,Alphazap/Flowdesk
27,Rena,Jordan,jam@dic.mm,Product,2 Days,08/04/20,Medium,Open,Alphazap/Trippledex
28,Verna,Johnston,rilu@foijose.gov,Other,2 Days,10/14/2020,New,Assigned,Redhold/Tres-Zap
29,Cordelia,Berry,farutu@pot.mp,Infrastructure,2 Weeks,3/16/2020,Medium,Assigned,Bigtax/Bigtax
30,May,Peterson,nid@erufub.bq,Product,3 Months,10/26/2020,New,InProgress,Rank/Span
31,Lillian,Santos,zipvapiw@taecgin.ls,Other,6 Months,11/21/2020,Low,Open,Fix San/Job
32,Timothy,Perkins,medvug@ciphais.id,Infrastructure,2 Years,10/07/20,High,Pending,Stim/Cookley
33,Joe,Washington,he@fewge.ki,Other,5 Days,12/31/2020,High,Pending,Bytecard/Voyatouch
34,Michael,Griffith,paen@ja.ca,Infrastructure,3 Weeks,8/20/2020,High,Assigned,Voltsillam/Biodex
35,Sophie,Miles,kudamoto@ze.ms,Other,5 Days,2/14/2020,New,Improvement,Regrant/Daltfresh
36,Benjamin,Warren,nu@balsen.hu,Product,1 Week,2/14/2020,Medium,Open,Overhold/Wrapsafe
37,Jesus,Smith,dubnaz@juasi.hr,Product,2 Months,04/10/20,Medium,Assigned,Regrant/Cardguard
38,Kyle,Crawford,ku@rihle.sv,Infrastructure,2 Weeks,10/05/20,Medium,Closed,Stim/Bytecard
39,Gabriel,Hamilton,asego@tuc.ec,Infrastructure,1 Day,4/22/2020,New,Assigned,Bigtax/Redhold
40,Dale,Hall,mepi@evu.id,Product,1 Year,08/12/20,Medium,InProgress,Gembucket/Regrant
41,Thomas,Strickland,ikoguawi@cu.vn,Product,2 Years,10/11/20,High,Assigned,Alpha/Namfix
42,Fred,Reese,ancibkam@dijajo.sl,Other,3 Weeks,06/06/20,Low,InProgress,Andalax/Andalax
43,Lettie,Barker,micadhej@zuehatu.mw,Product,3 Months,11/03/20,Low,Closed,Alpha/Latlux
44,Elva,Cunningham,copa@ijvapa.ng,Product,3 Months,01/07/21,New,Closed,Treeflex/Otcom
45,Wayne,Miller,fo@vazufnif.gy,Infrastructure,5 Days,11/24/2020,Medium,InProgress,Tres-Zap/Matsoft
46,Aaron,Nelson,ov@midoz.al,Infrastructure,1 Month,01/06/21,Low,Closed,Span/Alpha
47,Marvin,Arnold,zemet@pot.yt,Infrastructure,3 Months,3/28/2020,Medium,Improvement,Viva/Cookley
48,Lenora,Brown,uluoma@ojguep.fj,Product,1 Year,8/22/2020,High,Pending,Quo Lux/Daltfresh
49,Jeremy,Dixon,guruti@wolmabjuz.edu,Infrastructure,1 Month,8/17/2020,New,Open,Cardify/Mat Lam Tam
50,Verna,Lawrence,juno@agi.pn,Infrastructure,5 Days,9/18/2020,High,InProgress,Sonsing/Kanlam
51,Ola,Briggs,ho@no.no,Other,1 Week,1/16/2021,High,Open,Span/Quo Lux
52,Lola,Meyer,pubbu@ireseh.ax,Other,3 Weeks,5/14/2020,Low,InProgress,Stronghold/Zoolab
53,Caroline,Carroll,otsocav@dinabbo.ai,Other,3 Months,6/29/2020,Medium,InProgress,Tres-Zap/Span
54,Danny,Barber,wigrekpe@uglaeci.cz,Infrastructure,1 Day,11/04/20,Medium,Assigned,Matsoft/Zontrax
55,Dominic,Robertson,li@akecawofu.cx,Infrastructure,5 Days,1/28/2021,Low,Pending,Bitchip/Gembucket
56,Abbie,Alvarado,tunu@bo.bq,Other,5 Days,01/07/21,High,Improvement,Ronstring/It
57,Sallie,Huff,vael@ez.iq,Other,3 Weeks,6/15/2020,Medium,Closed,Asoka/Quo Lux
58,Etta,Moore,sufod@gucojo.dm,Infrastructure,9 Months,12/30/2020,New,Open,Vagram/Y-Solowarm
59,Travis,Jordan,ob@holvut.lr,Infrastructure,2 Years,4/30/2020,High,Assigned,Veribet/Rank
60,Susie,Jacobs,jifrooj@ejuw.gb,Infrastructure,1 Month,5/23/2020,Low,Pending,Fintone/Fix San
61,Nicholas,Poole,tej@sig.gf,Product,1 Day,03/11/20,Low,Improvement,Sub-Ex/Namfix
62,Maud,Ingram,wazseso@benvopu.gw,Infrastructure,1 Week,7/30/2020,High,Assigned,Tempsoft/Tres-Zap
63,Sally,Gordon,wenconda@ic.sm,Product,1 Day,3/27/2020,High,Open,It/Wrapsafe
64,Robert,Lee,tetaimo@ju.io,Product,1 Week,5/19/2020,Medium,Pending,Cardify/Job
65,Susie,Austin,fomewki@vihan.mx,Infrastructure,1 Day,12/30/2020,New,Improvement,Regrant/Aerified
66,Lewis,Hernandez,vijneep@etzewafe.ck,Other,2 Weeks,07/08/20,High,Assigned,Stim/Prodder
67,Bertha,Silva,ke@cum.su,Infrastructure,6 Months,3/29/2020,High,Open,Konklux/Fix San
68,Isaac,Patton,panutoac@cilakcow.in,Product,2 Days,1/25/2021,Medium,Closed,Zathin/Tresom
69,Ellen,Stewart,wivus@meber.sh,Other,1 Day,05/10/20,Medium,Open,Tres-Zap/Tresom
70,Helena,Patton,igkipta@jukibjek.kr,Infrastructure,2 Years,2/18/2020,High,Open,Stringtough/Tampflex
71,Tony,Park,pofce@uhse.kn,Product,3 Months,1/31/2020,Low,Closed,Asoka/Duobam
72,Tyler,Poole,tajbinu@uwisod.mh,Other,6 Months,3/13/2020,Low,Assigned,Gembucket/Zamit
73,Theresa,Mitchell,guti@tizvir.gg,Infrastructure,3 Weeks,2/18/2020,High,Closed,Sonair/Solarbreeze
74,Nettie,Arnold,ebe@su.nf,Other,2 Weeks,01/12/21,Medium,Closed,Stim/Cardguard
75,Caleb,Richardson,pe@efilef.uy,Product,9 Months,1/29/2020,High,Closed,Zaam-Dox/Zathin
76,Bobby,Graham,ijasasop@ozpu.ht,Other,2 Months,05/03/20,Medium,InProgress,Voyatouch/Home Ing
77,Lottie,Nguyen,nufvo@jupnizo.mh,Infrastructure,5 Days,11/26/2020,Medium,InProgress,Namfix/Hatity
78,Jesus,Allen,wucidi@piksek.sl,Infrastructure,5 Days,08/01/20,Low,InProgress,Bamity/Flowdesk
79,Steven,Cannon,hioguzu@mejefop.hu,Infrastructure,2 Weeks,11/09/20,Medium,Pending,Domainer/Konklux
80,Cordelia,Marsh,na@zanvadep.tn,Product,1 Week,8/16/2020,New,Pending,Job/Zathin
81,Melvin,Pierce,lufolti@ce.tv,Other,2 Days,8/23/2020,New,Assigned,Matsoft/Temp
82,Clyde,Bell,telzuw@ulapoha.jo,Other,5 Days,11/26/2020,Medium,Improvement,Toughjoyfax/Daltfresh
83,Susie,Wilson,zuzijo@pagri.mq,Product,5 Days,3/30/2020,High,InProgress,Matsoft/Kanlam
84,Shawn,Casey,cijor@higvor.es,Product,6 Months,11/21/2020,New,InProgress,Bitchip/Span
85,Matilda,Kelly,voevejer@cegnoha.fk,Infrastructure,2 Months,11/29/2020,Low,Closed,Wrapsafe/Latlux
86,Frederick,Wade,bubkicir@bobiduh.ax,Product,1 Year,02/11/20,Medium,Improvement,Matsoft/Ventosanzap
87,Melvin,Castillo,sobeog@edwemir.ye,Other,1 Week,06/01/20,New,Closed,Biodex/Ronstring
88,Sylvia,Rodgers,rap@mu.hk,Other,3 Months,12/09/20,High,Open,Asoka/Overhold
89,Erik,Delgado,ni@ezfowi.lv,Product,9 Months,4/25/2020,Medium,Open,Prodder/Y-find
90,Ola,Hodges,ivuk@ketolo.ai,Product,1 Day,1/27/2021,Low,Improvement,Transcof/Lotstring
91,Mike,Nunez,fatmic@busidi.uz,Other,3 Months,08/12/20,New,Improvement,Zathin/Bitwolf
92,Helen,Little,kimir@jum.re,Product,9 Months,10/04/20,High,Assigned,Cookley/Lotlux
93,Adrian,Tate,erfis@etizo.ar,Product,6 Months,4/17/2020,Low,Assigned,Fixflex/Stronghold
94,Jacob,Reed,omgo@miudu.td,Other,3 Months,10/08/20,Low,Open,Prodder/Quo Lux
95,Eliza,Osborne,awi@tiarkew.to,Product,2 Months,11/25/2020,Medium,Open,Holdlamis/Voltsillam
96,Edwin,Peters,saf@gihik.edu,Infrastructure,2 Years,4/30/2020,Low,Closed,Mat Lam Tam/Keylex
97,Ricardo,Peters,pezuckib@punig.iq,Product,1 Month,03/02/20,Low,Pending,Latlux/Fix San
98,Katharine,Lamb,izso@nosipsu.hu,Product,9 Months,06/08/20,Medium,Improvement,Cardguard/Overhold
99,Bradley,Black,sihaci@bawih.ma,Product,1 Month,2/29/2020,Low,Improvement,Flexidy/Toughjoyfax
100,Harriett,Walsh,jijojo@irger.lr,Infrastructure,3 Months,10/30/2020,New,Improvement,Regrant/Cookley
101,Lettie,Bryant,ibo@dodejwa.yt,Other,2 Months,2/23/2020,Medium,Pending,Subin/Tempsoft
102,Florence,Harmon,ar@ofuzvig.nz,Infrastructure,5 Days,1/30/2020,High,Open,Latlux/Opela
103,Essie,Hoffman,sonzet@fudwuh.sn,Product,6 Months,12/14/2020,Low,Improvement,Lotstring/Fix San
104,Don,Paul,wiafami@vigor.zm,Product,2 Years,10/03/20,New,InProgress,It/Subin
105,Cory,Castillo,kef@apvepu.cu,Other,1 Day,03/09/20,Medium,Assigned,Zamit/Sub-Ex
106,Alma,Glover,in@larco.bg,Infrastructure,2 Days,10/21/2020,Low,InProgress,Ventosanzap/Lotstring
107,William,Perkins,paugu@gi.sm,Infrastructure,9 Months,1/24/2021,New,Pending,Matsoft/Kanlam
108,Marion,Stewart,lusid@iba.re,Infrastructure,2 Days,4/14/2020,Medium,Open,Voyatouch/It
109,Augusta,Foster,gok@azi.fk,Infrastructure,3 Months,10/22/2020,Medium,Open,Fixflex/Bitchip
110,Francis,Palmer,udze@napdouva.sr,Other,2 Months,6/14/2020,Low,Closed,Y-find/Cardify
111,Nellie,Powell,sugadesu@zaepe.mk,Product,9 Months,3/25/2020,Medium,Open,Latlux/Bitchip
112,Frederick,Nichols,fe@me.ba,Infrastructure,9 Months,6/19/2020,High,Assigned,Kanlam/Transcof
113,Mary,Barnes,ufgu@ufo.yt,Product,5 Days,2/25/2020,Medium,Pending,Quo Lux/Rank
114,Glen,Craig,odreaw@vuctuw.in,Infrastructure,3 Weeks,4/26/2020,High,Closed,Bitwolf/Wrapsafe
115,Dollie,Carson,pulapoomi@jar.mm,Product,1 Month,8/22/2020,High,InProgress,Job/Bytecard
116,Glenn,Casey,poge@esotbo.cm,Product,2 Weeks,2/27/2020,High,InProgress,Bamity/Mat Lam Tam
117,Alberta,Scott,iraugke@wadheuva.gy,Infrastructure,6 Months,4/24/2020,New,Open,It/Y-find
118,Raymond,Dunn,evu@uzmoda.bo,Other,2 Months,3/21/2020,Medium,Improvement,Daltfresh/Greenlam
119,Frank,Parsons,vacwewacu@cutlokju.cy,Infrastructure,1 Year,5/29/2020,Low,Pending,Wrapsafe/Bitchip
120,Loretta,Malone,wes@cik.dm,Product,1 Day,10/27/2020,New,Closed,Zoolab/Sonair
121,Howard,Williamson,enovar@ric.ma,Other,2 Days,06/06/20,New,Improvement,Ventosanzap/Overhold
122,Alice,Schneider,ililutra@tonde.wf,Infrastructure,3 Months,02/02/20,Low,Pending,Tres-Zap/Quo Lux
123,Bernice,Hudson,ho@ulazakko.sx,Other,1 Day,6/17/2020,Medium,Closed,Sonair/Cardguard
124,Roy,Hardy,wu@onadih.eg,Infrastructure,3 Weeks,3/20/2020,High,InProgress,Hatity/Gembucket
125,Hannah,Reyes,gowe@laluremiz.gg,Product,2 Years,12/20/2020,Medium,Pending,Cardguard/Sonair
126,Joshua,Carroll,rugtuc@tow.so,Product,1 Day,12/12/20,Medium,Assigned,Alphazap/Flowdesk
127,Benjamin,Bryant,meok@jih.ki,Product,2 Days,01/08/21,High,Pending,Alphazap/Trippledex
128,Alvin,Strickland,gul@jevoto.ie,Infrastructure,1 Month,02/11/20,High,Improvement,Redhold/Tres-Zap
129,Danny,Lewis,apedir@azimozgu.va,Product,1 Day,05/08/20,New,Open,Bigtax/Bigtax
130,Rosa,White,semas@kabelhug.sr,Product,9 Months,3/20/2020,New,Open,Rank/Span
131,Henry,Logan,ajlubpid@dag.af,Product,2 Weeks,12/23/2020,Low,Open,Fix San/Job
132,Della,McCarthy,kop@fatu.ar,Product,1 Day,08/04/20,High,Pending,Stim/Cookley
133,Francis,Moran,for@cuhtusbiz.td,Other,3 Weeks,06/01/20,New,InProgress,Bytecard/Voyatouch
134,Allen,Brock,wolune@pibarge.kg,Product,5 Days,11/17/2020,Low,Open,Voltsillam/Biodex
135,Charles,Bryan,rol@bermo.ie,Product,9 Months,08/12/20,New,Assigned,Regrant/Daltfresh
136,Isabel,Lamb,fu@apaede.mc,Infrastructure,1 Week,7/19/2020,Low,InProgress,Overhold/Wrapsafe
137,Eugene,Diaz,nadip@bus.st,Other,6 Months,6/25/2020,New,Assigned,Regrant/Cardguard
138,Chad,Mathis,hihu@feelaz.io,Infrastructure,1 Year,2/18/2020,Medium,Open,Stim/Bytecard
139,Ethan,Dunn,ve@run.pe,Product,2 Years,12/25/2020,Low,Assigned,Bigtax/Redhold
140,Sue,Allen,fom@an.ly,Infrastructure,1 Month,3/19/2020,New,Open,Gembucket/Regrant
141,Brett,Hamilton,epe@kol.sl,Other,1 Month,5/31/2020,New,InProgress,Alpha/Namfix
142,Lloyd,Stephens,pozokec@dor.gn,Infrastructure,2 Weeks,4/23/2020,Low,Open,Andalax/Andalax
143,Adelaide,Bishop,zi@odaf.mv,Other,3 Weeks,5/31/2020,New,Closed,Alpha/Latlux
144,Dennis,Potter,lewifovir@vijugefe.io,Product,3 Months,04/12/20,New,Pending,Treeflex/Otcom
145,Chris,Garner,egucipleh@fim.cv,Other,3 Weeks,01/11/21,Medium,Open,Tres-Zap/Matsoft
146,Jason,Rivera,butsaic@junezi.ng,Other,1 Year,10/27/2020,High,Pending,Span/Alpha
147,Ruth,Davidson,levo@citwa.bj,Infrastructure,1 Day,09/04/20,High,Assigned,Viva/Cookley
148,Jesus,Reyes,jo@zu.net,Infrastructure,1 Month,8/20/2020,Low,Pending,Quo Lux/Daltfresh
149,Nannie,Wong,po@eriton.kz,Infrastructure,1 Week,4/14/2020,Low,Improvement,Cardify/Mat Lam Tam
150,Eliza,Rice,tovhore@nuvod.mc,Product,2 Days,05/05/20,Low,Assigned,Sonsing/Kanlam
151,Noah,Larson,pojnumta@ra.tc,Other,5 Days,05/08/20,New,Closed,Span/Quo Lux
152,Louis,Watts,re@pep.fr,Infrastructure,1 Year,01/05/21,Medium,Improvement,Stronghold/Zoolab
153,Nelle,Ford,aro@dejeb.rw,Infrastructure,3 Weeks,08/05/20,New,Pending,Tres-Zap/Span
154,Louise,Hayes,korokoli@osogauza.cd,Other,2 Months,12/17/2020,New,InProgress,Matsoft/Zontrax
155,Clayton,Stevenson,vowgo@sadibu.mh,Product,2 Months,10/08/20,New,Improvement,Bitchip/Gembucket
156,Landon,Hale,puto@razovid.gt,Infrastructure,1 Year,10/08/20,Medium,Improvement,Ronstring/It
157,Leila,Brown,luwbowo@sabi.ca,Infrastructure,5 Days,8/18/2020,Medium,Pending,Asoka/Quo Lux
158,Austin,Cruz,jaofivo@ahsoc.kh,Other,5 Days,7/13/2020,Low,Pending,Vagram/Y-Solowarm
159,Polly,Parker,gesari@javfudak.pr,Infrastructure,9 Months,1/23/2021,Low,Pending,Veribet/Rank
160,Jack,Turner,soj@iletesdam.eu,Product,1 Week,02/01/20,Low,Assigned,Fintone/Fix San
161,Leo,Newman,ludwuve@nemuz.jm,Product,3 Weeks,10/10/20,High,Open,Sub-Ex/Namfix
162,Ronnie,Sims,nizno@wewrizor.wf,Product,3 Months,11/13/2020,High,Open,Tempsoft/Tres-Zap
163,Willie,Ortiz,wedincom@najawhiv.sz,Other,1 Day,10/15/2020,High,Pending,It/Wrapsafe
164,Beulah,Adams,rimi@ler.uz,Infrastructure,5 Days,06/07/20,New,Assigned,Cardify/Job
165,Dean,Casey,wajva@rujag.gr,Product,1 Year,01/11/21,New,InProgress,Regrant/Aerified
166,Leo,Andrews,dogwofilu@himif.si,Other,5 Days,3/15/2020,Low,Closed,Stim/Prodder
167,Max,Malone,zirog@ze.cd,Other,9 Months,12/12/20,Low,Improvement,Konklux/Fix San
168,Ronnie,Davis,muapem@tijifak.tn,Product,3 Months,5/29/2020,New,Assigned,Zathin/Tresom
169,Franklin,Boyd,gelfeneka@gera.net,Product,2 Days,03/11/20,High,Closed,Tres-Zap/Tresom
170,Margaret,Andrews,gosufeke@uvi.ht,Other,1 Month,1/30/2020,High,Assigned,Stringtough/Tampflex
171,Etta,Thornton,suweme@bazcatul.np,Infrastructure,1 Day,9/22/2020,Medium,Improvement,Asoka/Duobam
172,Gussie,Moreno,zac@cawu.la,Infrastructure,1 Month,12/29/2020,Medium,Open,Gembucket/Zamit
173,Kate,Higgins,edu@maih.ie,Other,1 Week,11/11/20,Low,Improvement,Sonair/Solarbreeze
174,Melvin,Gordon,nekjok@seloojo.gov,Infrastructure,3 Months,2/28/2020,Low,Improvement,Stim/Cardguard
175,Lucy,Cannon,fe@ugvog.sc,Product,1 Week,03/12/20,New,Improvement,Zaam-Dox/Zathin
176,Edward,Reid,bo@jewi.nr,Infrastructure,3 Weeks,11/07/20,Low,Closed,Voyatouch/Home Ing
177,Clyde,Harmon,gucgoub@vavumni.it,Product,2 Weeks,11/28/2020,New,Closed,Namfix/Hatity
178,Kate,Warren,iz@fa.me,Product,2 Months,9/15/2020,Medium,Improvement,Bamity/Flowdesk
179,Landon,Carter,ve@iscogeb.fi,Other,2 Years,11/15/2020,New,InProgress,Domainer/Konklux
180,Brett,Turner,vagukoj@gefaputug.dz,Infrastructure,3 Weeks,2/14/2020,Medium,InProgress,Job/Zathin
181,Johanna,Sanders,lefe@uveci.jo,Infrastructure,3 Months,12/11/20,Low,InProgress,Matsoft/Temp
182,Lucile,Baker,uddufit@jivugi.ls,Product,2 Weeks,09/02/20,New,Assigned,Toughjoyfax/Daltfresh
183,Milton,Moreno,lico@siasda.sv,Product,1 Week,02/05/20,Low,Improvement,Matsoft/Kanlam
184,Susie,Powers,go@ke.pm,Infrastructure,1 Week,11/05/20,High,Closed,Bitchip/Span
185,Dollie,Hart,manod@awzu.sl,Other,1 Year,2/15/2020,High,Assigned,Wrapsafe/Latlux
186,Max,Garner,nabom@wed.gw,Product,1 Day,1/23/2021,Low,Closed,Matsoft/Ventosanzap
187,Barry,Daniels,imdi@hif.mo,Infrastructure,3 Months,4/26/2020,Medium,Closed,Biodex/Ronstring
188,Barbara,Flowers,doviteril@ewipire.mg,Infrastructure,2 Years,8/29/2020,Medium,Open,Asoka/Overhold
189,Landon,Rivera,avihuhe@fo.zw,Infrastructure,1 Year,07/05/20,Medium,Improvement,Prodder/Y-find
190,Mittie,Vasquez,po@zohok.pf,Product,6 Months,09/09/20,Medium,Improvement,Transcof/Lotstring
191,Andre,McDonald,deafu@ru.al,Other,1 Day,06/11/20,New,Assigned,Zathin/Bitwolf
192,Carolyn,Pratt,pov@amacesi.eu,Product,1 Year,6/14/2020,High,Closed,Cookley/Lotlux
193,Ricky,Meyer,molehoz@kolofe.re,Product,2 Months,10/23/2020,Medium,Open,Fixflex/Stronghold
194,Jim,Ball,uzuwipuk@gegola.mn,Product,2 Days,01/11/21,High,Improvement,Prodder/Quo Lux
195,Edith,Jefferson,owuelu@illi.cv,Infrastructure,1 Year,02/02/20,Medium,Assigned,Holdlamis/Voltsillam
196,Andre,Herrera,wojenu@ler.mp,Infrastructure,3 Months,01/08/21,Medium,Open,Mat Lam Tam/Keylex
197,Anthony,West,savobjot@bafagi.gb,Product,5 Days,8/25/2020,Low,Open,Latlux/Fix San
198,Kevin,Ortiz,ahiba@boufa.sv,Product,1 Day,10/11/20,Medium,Pending,Cardguard/Overhold
199,Nelle,Farmer,cu@biunci.bo,Other,2 Months,06/06/20,Medium,InProgress,Flexidy/Toughjoyfax
200,Mina,Little,esural@ahe.md,Product,6 Months,6/19/2020,High,Open,Regrant/Cookley
201,Willie,Nichols,simujsob@zedijval.cx,Other,1 Day,4/23/2020,New,Improvement,Subin/Tempsoft
202,Bessie,Lawrence,riswatkej@sabeldab.ve,Other,1 Day,4/23/2020,New,Improvement,Subin/Tempsoft
203,Jennie,Young,lij@miguhi.im,Infrastructure,1 Day,4/23/2020,New,Improvement,Subin/Tempsoft
204,Lillian,Summers,vagwikud@hein.dj,Infrastructure,1 Day,4/23/2020,New,Improvement,Subin/Tempsoft
205,Andre,Norman,ukucudef@vedalub.de,Other,1 Day,4/23/2020,New,Improvement,Subin/Tempsoft
206,Dollie,Mack,rotfig@ihiniumu.sn,Other,1 Day,4/23/2020,New,Improvement,Subin/Tempsoft
207,Herbert,Washington,ep@mebjevi.np,Other,1 Day,4/23/2020,New,Improvement,Subin/Tempsoft
208,Lizzie,Flores,camre@nut.cu,Infrastructure,1 Day,4/23/2020,New,Improvement,Subin/Tempsoft
209,Hulda,Fisher,jundi@giro.sz,Infrastructure,1 Day,4/23/2020,New,Improvement,Subin/Tempsoft
210,Lelia,Jennings,fu@for.li,Product,1 Day,4/23/2020,New,Improvement,Subin/Tempsoft
211,Amy,Reynolds,uc@jijisap.mr,Other,1 Day,4/23/2020,New,Improvement,Subin/Tempsoft
212,Vernon,Padilla,mupic@sefe.mr,Other,1 Day,4/23/2020,New,Improvement,Subin/Tempsoft
213,Harold,Henry,irdogej@paud.cw,Other,1 Day,4/23/2020,New,Improvement,Subin/Tempsoft
214,Vernon,Nunez,wazucze@ajulu.il,Infrastructure,1 Day,4/23/2020,New,Improvement,Subin/Tempsoft
215,Edwin,Peters,abe@ik.com,Product,1 Day,4/23/2020,New,Improvement,Subin/Tempsoft
216,Anthony,Willis,riwes@nehdoij.mx,Infrastructure,1 Day,4/23/2020,New,Improvement,Subin/Tempsoft
217,Connor,Hall,guruhiur@wep.gov,Product,1 Month,05/10/20,Medium,Closed,It/Y-find
218,Elizabeth,Davidson,uja@ludwaglen.ax,Infrastructure,2 Years,4/19/2020,New,InProgress,Daltfresh/Greenlam
219,Esther,Owen,kon@fem.er,Other,1 Week,10/10/20,Medium,Improvement,Wrapsafe/Bitchip
220,Virgie,Parker,nilegih@ki.sl,Infrastructure,1 Year,4/30/2020,Low,Assigned,Zoolab/Sonair
221,Marvin,Russell,lobgomo@vuwaw.am,Infrastructure,3 Months,02/12/20,Low,InProgress,Ventosanzap/Overhold
222,Brandon,Copeland,gaaso@fuc.bv,Product,2 Weeks,01/02/21,New,Closed,Tres-Zap/Quo Lux
223,Milton,Hill,mifi@penvej.td,Infrastructure,5 Days,12/17/2020,Low,Open,Sonair/Cardguard
224,Gavin,Welch,vikvosof@tamem.mu,Product,3 Months,05/09/20,Low,Assigned,Hatity/Gembucket
225,Thomas,Young,kagiba@watupzop.mx,Product,2 Weeks,4/25/2020,New,Open,Cardguard/Sonair
226,Vernon,Medina,po@ric.mv,Infrastructure,9 Months,09/11/20,Low,Assigned,Alphazap/Flowdesk
227,Mark,Glover,jaggi@la.id,Other,6 Months,12/30/2020,Low,Assigned,Alphazap/Trippledex
228,Jessie,Bowen,va@vewric.it,Product,1 Month,5/25/2020,High,Open,Redhold/Tres-Zap
229,Victoria,Sparks,teinatu@tumueb.gh,Product,1 Day,08/04/20,New,Open,Bigtax/Bigtax
230,Lois,Anderson,dalfe@betoro.tr,Product,1 Day,05/04/20,New,Closed,Rank/Span
231,Brett,Greene,vim@keop.qa,Product,6 Months,01/11/21,High,Assigned,Fix San/Job
232,Alex,Hardy,ji@vicaudi.fo,Infrastructure,1 Day,8/24/2020,Medium,Improvement,Stim/Cookley
233,Dean,Francis,jejme@suazji.tc,Product,9 Months,8/26/2020,New,Pending,Bytecard/Voyatouch
234,Eugenia,Rios,ha@eronekev.qa,Other,1 Day,10/29/2020,Medium,Closed,Voltsillam/Biodex
235,Christina,Hayes,barsihbi@mezep.al,Other,2 Months,09/03/20,High,Assigned,Regrant/Daltfresh
236,Christopher,Boyd,wuhobobe@bubhogo.sx,Infrastructure,2 Months,7/27/2020,High,Open,Overhold/Wrapsafe
237,Victoria,Alvarado,mepzo@sicho.ms,Product,1 Day,2/29/2020,High,Closed,Regrant/Cardguard
238,Etta,Palmer,kusvo@nagorzo.gov,Product,2 Years,07/02/20,Medium,Improvement,Stim/Bytecard
239,Lulu,Hansen,ruzgirsed@sifpi.fj,Infrastructure,1 Year,03/07/20,New,Pending,Bigtax/Redhold
240,Sean,Zimmerman,fohwikje@liju.pn,Other,2 Days,11/05/20,Medium,Improvement,Gembucket/Regrant
241,Madge,Diaz,arpo@lizbekok.km,Infrastructure,9 Months,7/31/2020,Medium,Pending,Alpha/Namfix
242,Carlos,Jackson,bugwuv@ewu.as,Infrastructure,2 Days,10/25/2020,New,Closed,Andalax/Andalax
243,Elijah,Santos,vasala@pinbeag.bj,Other,1 Day,8/22/2020,Low,Improvement,Alpha/Latlux
244,Dylan,Love,gobimso@gokpadpon.mn,Other,5 Days,11/17/2020,New,Pending,Treeflex/Otcom
245,Carrie,Logan,lodtozok@gad.jm,Infrastructure,1 Day,6/17/2020,New,Open,Tres-Zap/Matsoft
246,Milton,Reynolds,la@ti.dz,Infrastructure,2 Weeks,5/17/2020,New,Open,Span/Alpha
247,Francis,Hardy,cu@zof.sd,Infrastructure,5 Days,03/05/20,High,InProgress,Viva/Cookley
248,Verna,Henry,ozbo@uzpongu.mv,Infrastructure,1 Year,4/20/2020,Low,InProgress,Quo Lux/Daltfresh
249,Marc,Walker,jijur@huzbowlon.om,Infrastructure,1 Week,12/05/20,New,Improvement,Cardify/Mat Lam Tam
250,Clyde,Powell,miwoj@ta.bh,Product,1 Day,1/30/2020,New,Open,Sonsing/Kanlam
251,Samuel,Ryan,ibu@sa.dm,Infrastructure,2 Days,06/12/20,Low,InProgress,Span/Quo Lux
252,Lucinda,Bishop,ohedo@weop.tw,Infrastructure,3 Weeks,12/29/2020,Medium,Pending,Stronghold/Zoolab
253,Mae,Richardson,ugsagem@acjulsi.sn,Other,9 Months,10/01/20,High,Assigned,Tres-Zap/Span
254,Kevin,Patton,fujeci@sov.dj,Infrastructure,2 Weeks,02/10/20,New,Improvement,Matsoft/Zontrax
255,Jay,Palmer,voremsoh@faka.by,Other,2 Days,08/01/20,High,Improvement,Bitchip/Gembucket
256,Eddie,Duncan,sur@sikromuw.br,Other,1 Month,12/02/20,Medium,Pending,Ronstring/It
257,Lizzie,Adams,omno@masembe.ca,Product,2 Years,05/06/20,High,Open,Asoka/Quo Lux
258,Eddie,Wood,paliptet@tokagbel.lk,Other,1 Day,01/01/21,Low,Closed,Vagram/Y-Solowarm
259,Scott,Gross,zavalele@how.qa,Product,1 Week,11/21/2020,High,InProgress,Veribet/Rank
260,Keith,Peterson,aztohweb@izrelew.is,Infrastructure,1 Year,4/21/2020,New,InProgress,Fintone/Fix San
261,Lela,Silva,vev@ge.eu,Other,3 Months,12/02/20,New,Pending,Sub-Ex/Namfix
262,Sam,Luna,guacahi@bow.lk,Product,9 Months,8/27/2020,New,Closed,Tempsoft/Tres-Zap
263,Don,Bowman,ahilas@pic.es,Product,3 Weeks,9/18/2020,Low,Improvement,It/Wrapsafe
264,Flora,Lowe,eka@isgez.gt,Other,9 Months,08/01/20,Medium,Closed,Cardify/Job
265,Susie,Crawford,efdus@cejfitud.zw,Infrastructure,2 Weeks,06/12/20,New,InProgress,Regrant/Aerified
266,Mina,Crawford,uwmapno@jocefiruj.so,Infrastructure,1 Month,6/23/2020,New,Pending,Stim/Prodder
267,Beatrice,Hampton,gezfudon@miz.gt,Product,1 Day,4/27/2020,New,Assigned,Konklux/Fix San
268,Ralph,Garza,ba@upi.gq,Other,5 Days,1/20/2021,Low,InProgress,Zathin/Tresom
269,Hulda,Clark,itawo@vurlibem.mh,Infrastructure,1 Month,01/11/21,High,Assigned,Tres-Zap/Tresom
270,Lettie,Ramirez,cu@la.ly,Other,6 Months,11/17/2020,Medium,Pending,Stringtough/Tampflex
271,Chester,Holt,zihbanej@wu.uz,Infrastructure,1 Month,10/30/2020,New,Open,Asoka/Duobam
272,Adelaide,Colon,batekid@vefo.ke,Product,1 Month,06/09/20,Medium,Improvement,Gembucket/Zamit
273,Chad,Norris,tuk@let.kz,Product,2 Years,08/05/20,Low,Pending,Sonair/Solarbreeze
274,Helena,Cummings,isfo@keafek.ly,Product,1 Week,8/19/2020,Low,Open,Stim/Cardguard
275,Loretta,Stephens,tehijoz@vukhap.tm,Other,3 Weeks,10/12/20,Medium,Assigned,Zaam-Dox/Zathin
276,Bradley,Carlson,guodo@ecuvurma.sm,Other,1 Day,1/17/2021,Low,Assigned,Voyatouch/Home Ing
277,Phillip,Burton,jinoz@puz.ec,Infrastructure,1 Day,04/04/20,High,Pending,Namfix/Hatity
278,Mathilda,Buchanan,wol@ve.md,Product,9 Months,5/14/2020,New,Closed,Bamity/Flowdesk
279,Clifford,Houston,ezo@kul.gm,Other,1 Week,3/21/2020,Medium,Assigned,Domainer/Konklux
280,Victoria,Dunn,giulomum@wajtupi.pf,Other,5 Days,11/13/2020,New,Closed,Job/Zathin
281,Shane,Ballard,hodaru@pudfa.ve,Other,1 Week,2/18/2020,High,Assigned,Matsoft/Temp
282,Aaron,McCoy,pigol@eci.jo,Other,2 Days,11/06/20,New,Open,Toughjoyfax/Daltfresh
283,Cornelia,Baldwin,ehviof@waz.kg,Infrastructure,9 Months,12/02/20,High,Pending,Matsoft/Kanlam
284,Justin,Patterson,ebcenij@be.ci,Infrastructure,2 Years,4/27/2020,Medium,Open,Bitchip/Span
285,John,Daniel,wopap@ik.gn,Product,9 Months,01/10/21,Low,Pending,Wrapsafe/Latlux
286,Lelia,Boyd,pa@tepmono.re,Infrastructure,9 Months,9/22/2020,High,Open,Matsoft/Ventosanzap
287,Ethan,Rose,nehema@caztif.tr,Product,9 Months,10/01/20,High,Pending,Biodex/Ronstring
288,Lottie,Underwood,ziip@pidsolu.cz,Infrastructure,1 Year,11/05/20,High,Assigned,Asoka/Overhold
289,Nannie,Frazier,onnakuv@kisigib.bt,Infrastructure,6 Months,11/28/2020,High,Open,Prodder/Y-find
290,Viola,Chambers,sujpag@ji.cl,Other,2 Months,9/30/2020,Medium,Pending,Transcof/Lotstring
291,Patrick,Castillo,buke@vavepbu.ai,Infrastructure,2 Weeks,12/01/20,New,InProgress,Zathin/Bitwolf
292,Alejandro,Sharp,ka@ipcup.sy,Infrastructure,3 Months,10/10/20,Medium,Improvement,Cookley/Lotlux
293,Ann,Chapman,noliva@bol.as,Other,2 Years,7/28/2020,Low,Open,Fixflex/Stronghold
294,Gilbert,Mills,avu@bubigepo.gu,Infrastructure,2 Months,01/12/21,Medium,Assigned,Prodder/Quo Lux
295,Augusta,Baldwin,satun@siv.cg,Product,2 Months,8/13/2020,Medium,Improvement,Holdlamis/Voltsillam
296,Martha,Ford,pak@we.sh,Infrastructure,6 Months,8/20/2020,High,InProgress,Mat Lam Tam/Keylex
297,James,Webster,weglej@go.er,Other,2 Weeks,06/03/20,New,Closed,Latlux/Fix San
298,Eula,Simmons,warzi@kidoizi.za,Product,2 Days,6/20/2020,Medium,Improvement,Cardguard/Overhold
299,Troy,Barrett,kaku@cefe.ng,Infrastructure,2 Weeks,12/22/2020,High,Assigned,Flexidy/Toughjoyfax
300,Matilda,Rowe,hukud@fesow.az,Product,3 Months,1/18/2021,Low,Closed,Regrant/Cookley
301,Ann,Herrera,owibik@bo.net,Infrastructure,2 Years,1/23/2021,High,Assigned,Subin/Tempsoft
302,Tyler,Diaz,tet@bieva.bg,Product,1 Day,4/15/2020,High,Improvement,Latlux/Opela
303,Evelyn,Romero,jajluw@telog.dk,Other,3 Weeks,5/29/2020,New,Closed,Lotstring/Fix San
304,Owen,Ellis,tifom@ubo.org,Infrastructure,2 Months,7/21/2020,Medium,Improvement,It/Subin
305,Randy,Smith,duzu@jerari.ki,Other,2 Days,6/26/2020,High,Closed,Zamit/Sub-Ex
306,Philip,Griffith,uwo@eh.do,Product,6 Months,03/05/20,Low,Pending,Ventosanzap/Lotstring
307,Edward,Cunningham,joda@tucposah.an,Product,2 Years,4/22/2020,Medium,Pending,Matsoft/Kanlam
308,Edgar,Boyd,winale@uhitiwup.cw,Product,1 Day,11/02/20,Medium,Improvement,Voyatouch/It
309,Virgie,Stanley,vav@jupkuc.dk,Product,2 Days,01/06/21,High,InProgress,Fixflex/Bitchip
310,Ernest,Jenkins,micmow@dohwedilo.cv,Infrastructure,2 Weeks,04/04/20,New,Open,Y-find/Cardify
311,Maria,Fernandez,mi@denuli.gi,Infrastructure,1 Week,1/15/2021,Low,Assigned,Latlux/Bitchip
312,Blanche,Baldwin,gitez@faru.mh,Product,2 Days,03/12/20,Medium,InProgress,Kanlam/Transcof
313,Lenora,Hardy,oj@sakwit.lb,Product,1 Month,5/14/2020,Low,Assigned,Quo Lux/Rank
314,Vera,Goodwin,luvtapsu@vowe.ai,Product,2 Years,12/31/2020,New,Assigned,Bitwolf/Wrapsafe
315,Nathaniel,Holt,di@cocnak.nu,Infrastructure,2 Months,08/11/20,Low,Closed,Job/Bytecard
316,Abbie,Richardson,toseb@ko.ph,Product,2 Days,12/13/2020,Low,Closed,Bamity/Mat Lam Tam
317,Alvin,Barton,oldutfob@vu.er,Other,1 Week,03/05/20,High,Assigned,It/Y-find
318,Ethel,Sanders,mep@bu.cx,Product,2 Months,09/09/20,New,Assigned,Daltfresh/Greenlam
319,Lura,Campbell,kesawi@vetad.ke,Other,6 Months,04/08/20,High,Assigned,Wrapsafe/Bitchip
320,Floyd,Hernandez,uk@cutki.st,Infrastructure,9 Months,3/13/2020,New,Open,Zoolab/Sonair
321,Irene,Guerrero,piwikeifu@ehaleot.be,Other,5 Days,12/11/20,Medium,Assigned,Ventosanzap/Overhold
322,Elva,Quinn,jukez@ehuidna.wf,Infrastructure,1 Day,1/22/2021,High,Pending,Tres-Zap/Quo Lux
323,Roxie,Cook,nudgerge@uze.uk,Infrastructure,2 Years,10/06/20,Low,Improvement,Sonair/Cardguard
324,Bernard,Ingram,et@sefda.sm,Other,1 Month,10/14/2020,Medium,Pending,Hatity/Gembucket
325,Catherine,Cruz,bimwe@egmo.cf,Other,1 Month,10/20/2020,New,Assigned,Cardguard/Sonair
326,Christine,Clayton,izcu@azaezoom.dk,Infrastructure,1 Week,11/09/20,Medium,Closed,Alphazap/Flowdesk
327,Mason,Rodriguez,me@fowvejze.im,Other,2 Months,12/16/2020,Medium,InProgress,Alphazap/Trippledex
328,Annie,Morgan,hecami@zawzoihu.pm,Product,3 Months,01/04/21,Medium,Closed,Redhold/Tres-Zap
329,Lela,Cannon,muddekug@tez.bf,Infrastructure,1 Week,07/07/20,Medium,Closed,Bigtax/Bigtax
330,Linnie,Johnson,vahjid@cibrob.ad,Product,1 Day,8/27/2020,Medium,Improvement,Rank/Span
331,Iva,Chambers,vonzecav@gof.gn,Other,2 Days,8/25/2020,Low,Improvement,Fix San/Job
332,Clarence,Morris,foat@hahsun.za,Other,3 Weeks,7/15/2020,New,Improvement,Stim/Cookley
333,Emilie,McCarthy,ta@hodte.ar,Other,2 Years,12/10/20,Medium,Open,Bytecard/Voyatouch
334,Herbert,Hines,cusar@ulatefzuh.sc,Infrastructure,5 Days,10/14/2020,High,Improvement,Voltsillam/Biodex
335,Carolyn,Garrett,wawzikul@ze.km,Infrastructure,2 Years,10/19/2020,High,Pending,Regrant/Daltfresh
336,Billy,Matthews,mehet@kellilcih.sc,Other,6 Months,5/13/2020,High,Improvement,Overhold/Wrapsafe
337,Bobby,Rodriquez,tu@wieg.vg,Product,2 Weeks,10/29/2020,Medium,Improvement,Regrant/Cardguard
338,Hester,Brewer,tuijuje@pa.aw,Other,6 Months,11/19/2020,High,Pending,Stim/Bytecard
339,Celia,Roy,evahulce@emedaeje.so,Other,3 Months,6/27/2020,Low,Assigned,Bigtax/Redhold
340,Maude,Robertson,silpaliza@hu.az,Other,1 Month,9/13/2020,High,Open,Gembucket/Regrant
341,Ina,Lamb,jaip@moj.aq,Product,2 Years,05/05/20,Low,Improvement,Alpha/Namfix
342,Lenora,King,low@sag.pg,Infrastructure,2 Weeks,5/15/2020,Low,Improvement,Andalax/Andalax
343,Nicholas,Porter,mos@mu.ma,Infrastructure,5 Days,12/25/2020,High,Improvement,Alpha/Latlux
344,Landon,Daniel,pa@elo.be,Product,1 Month,08/02/20,Medium,Assigned,Treeflex/Otcom
345,Edgar,Burns,pofak@lo.hk,Product,5 Days,09/10/20,Medium,Improvement,Tres-Zap/Matsoft
346,Mittie,Spencer,vugoval@go.na,Infrastructure,9 Months,6/27/2020,High,Improvement,Span/Alpha
347,Jack,Garrett,atucib@sojdoar.ai,Infrastructure,5 Days,08/05/20,High,Pending,Viva/Cookley
348,Caroline,Schneider,divutleh@hu.gp,Other,1 Week,07/11/20,Low,InProgress,Quo Lux/Daltfresh
349,Glenn,Bailey,iviwpac@iworemu.gl,Other,5 Days,10/19/2020,High,InProgress,Cardify/Mat Lam Tam
350,Lena,Schultz,olaaheaf@ciljime.tp,Other,2 Months,02/10/20,New,Pending,Sonsing/Kanlam
351,Derek,Brewer,canovnef@mifok.mo,Other,5 Days,7/28/2020,Low,Pending,Span/Quo Lux
352,Mittie,Henry,sa@toarci.na,Other,9 Months,1/15/2021,High,Open,Stronghold/Zoolab
353,Alberta,Cruz,ucakivi@mocbu.vi,Infrastructure,1 Month,9/26/2020,Medium,InProgress,Tres-Zap/Span
354,Shawn,Becker,jatwi@numaf.sg,Infrastructure,5 Days,08/10/20,New,Improvement,Matsoft/Zontrax
355,Annie,Holmes,pedip@jikuwos.nl,Infrastructure,1 Week,03/02/20,New,InProgress,Bitchip/Gembucket
356,Alvin,Wood,nacrocki@cob.sy,Infrastructure,2 Years,3/16/2020,New,Assigned,Ronstring/It
357,Emma,Briggs,womujwo@etu.pg,Product,1 Year,11/10/20,High,Pending,Asoka/Quo Lux
358,Ruby,Houston,nedonu@rauw.ng,Infrastructure,9 Months,7/16/2020,New,Improvement,Vagram/Y-Solowarm
359,Fannie,Cruz,hake@fevti.ua,Other,1 Month,5/23/2020,New,Improvement,Veribet/Rank
360,Emily,Chavez,vuade@topof.la,Product,2 Months,08/09/20,High,Closed,Fintone/Fix San
361,Cecelia,Franklin,sutnuci@for.ws,Infrastructure,3 Months,12/10/20,High,Pending,Sub-Ex/Namfix
362,Sylvia,Glover,vi@noskid.eu,Product,1 Day,1/21/2021,Medium,Closed,Tempsoft/Tres-Zap
363,Edwin,Wilkerson,re@ma.dj,Product,1 Week,12/14/2020,High,Open,It/Wrapsafe
364,Carrie,Jackson,fojre@pul.gy,Other,2 Months,09/08/20,Low,Improvement,Cardify/Job
365,Roxie,Miller,ho@kere.gs,Product,1 Year,2/24/2020,New,Pending,Regrant/Aerified
366,Sally,Reynolds,jizmuhlo@ibo.bf,Other,1 Month,4/19/2020,New,InProgress,Stim/Prodder
367,Minerva,Lynch,kajudi@vo.ru,Product,2 Weeks,04/10/20,Low,Improvement,Konklux/Fix San
368,Tyler,Park,kuhconsu@nu.me,Infrastructure,1 Week,5/20/2020,New,Assigned,Zathin/Tresom
369,Ethan,Poole,ezuopusuk@fit.an,Infrastructure,5 Days,11/04/20,New,Assigned,Tres-Zap/Tresom
370,Marcus,Miles,fucpi@diw.at,Other,1 Year,10/21/2020,Medium,Improvement,Stringtough/Tampflex
371,Elva,Hammond,cafreco@be.sl,Product,2 Weeks,10/25/2020,New,Pending,Asoka/Duobam
372,Lydia,Chambers,fidu@ca.ao,Product,1 Month,7/14/2020,New,Open,Gembucket/Zamit
373,Sophia,Webster,hug@gumiso.im,Other,6 Months,6/21/2020,Medium,Assigned,Sonair/Solarbreeze
374,Leon,Barton,ovabefo@mid.to,Product,1 Day,11/25/2020,Low,Improvement,Stim/Cardguard
375,Bessie,Carpenter,tapi@kur.no,Other,5 Days,03/11/20,Low,Improvement,Zaam-Dox/Zathin
376,Beatrice,Fitzgerald,siewo@ije.com,Product,1 Year,12/16/2020,New,Pending,Voyatouch/Home Ing
377,Genevieve,Curtis,let@mub.nu,Other,2 Days,06/02/20,Medium,Open,Namfix/Hatity
378,Allie,Sandoval,naz@peteheli.pl,Other,1 Year,2/23/2020,High,Open,Bamity/Flowdesk
379,Adrian,Bush,vazteshi@citfoc.sc,Other,2 Weeks,06/03/20,Low,Closed,Domainer/Konklux
380,Lina,Webster,pu@eme.tw,Other,2 Months,2/26/2020,High,InProgress,Job/Zathin
381,Ann,Garrett,vekije@fowafiv.kz,Infrastructure,2 Months,06/11/20,New,Pending,Matsoft/Temp
382,Isabel,Cannon,mavhinafe@nojzikhu.lk,Other,1 Day,02/07/20,New,Open,Toughjoyfax/Daltfresh
383,Roy,Klein,ropejot@apovapir.tw,Other,5 Days,12/16/2020,New,InProgress,Matsoft/Kanlam
384,Nicholas,Warner,tubafwer@jopar.gb,Other,3 Months,04/02/20,Medium,Pending,Bitchip/Span
385,Bernice,Perkins,ca@elo.by,Product,2 Days,08/09/20,Medium,InProgress,Wrapsafe/Latlux
386,Hattie,Ward,zagetke@ri.ag,Product,9 Months,9/29/2020,High,Assigned,Matsoft/Ventosanzap
387,Celia,Perez,wa@vegol.sa,Other,5 Days,12/24/2020,Low,Improvement,Biodex/Ronstring
388,Robert,Collins,ekohuw@wosabvot.mm,Product,5 Days,12/24/2020,Medium,Assigned,Asoka/Overhold
389,Erik,Young,galuclip@izwewo.gi,Infrastructure,3 Weeks,3/19/2020,Medium,Closed,Prodder/Y-find
390,Joel,Grant,zircemi@cuze.ps,Infrastructure,1 Month,4/30/2020,New,Pending,Transcof/Lotstring
391,Cody,Cruz,igi@ji.so,Product,2 Months,11/24/2020,Low,Closed,Zathin/Bitwolf
392,Dorothy,Scott,me@bed.ma,Infrastructure,9 Months,10/16/2020,Medium,Closed,Cookley/Lotlux
393,Ophelia,Webb,maszobfer@poh.do,Product,2 Years,5/21/2020,High,Improvement,Fixflex/Stronghold
394,Stella,Perkins,ipcu@ipfeazo.pw,Product,1 Week,8/25/2020,Low,Pending,Prodder/Quo Lux
395,Hulda,Buchanan,giid@ihezre.bo,Product,6 Months,2/21/2020,Medium,Assigned,Holdlamis/Voltsillam
396,Milton,Casey,gucuv@lug.kh,Product,1 Week,1/17/2021,Low,Open,Mat Lam Tam/Keylex
397,Ralph,Matthews,dujim@zarfez.ma,Product,1 Week,12/14/2020,New,Open,Latlux/Fix San
398,Tyler,Hall,nanji@ba.se,Product,1 Day,01/09/21,Low,InProgress,Cardguard/Overhold
399,Jeanette,Chandler,ewahino@ci.gw,Product,2 Days,10/19/2020,New,InProgress,Flexidy/Toughjoyfax
400,Marvin,McLaughlin,ju@busu.by,Other,1 Year,11/22/2020,High,Closed,Regrant/Cookley
401,Leona,Nguyen,jasguhboz@wiba.gl,Infrastructure,1 Month,01/08/21,Medium,Closed,Subin/Tempsoft
402,Callie,Lane,cililaku@zukafzod.vn,Product,1 Month,1/30/2020,High,Improvement,Latlux/Opela
403,Adrian,Lloyd,solecaze@pud.ke,Infrastructure,2 Years,07/05/20,New,Pending,Lotstring/Fix San
404,Lottie,Hart,hu@cen.hu,Other,6 Months,3/14/2020,Low,Open,It/Subin
405,Isaac,Carr,kicher@moba.gr,Product,1 Week,5/31/2020,High,Open,Zamit/Sub-Ex
406,Steve,Bowen,dotvojam@eju.io,Other,1 Week,6/26/2020,New,Pending,Ventosanzap/Lotstring
407,Anthony,Cain,zupdumzo@zatmi.gn,Infrastructure,1 Week,3/21/2020,Low,Closed,Matsoft/Kanlam
408,Lora,Snyder,wiz@niub.ar,Other,1 Year,07/04/20,New,InProgress,Voyatouch/It
409,Christopher,Pierce,fup@vipje.gy,Infrastructure,1 Year,7/21/2020,High,InProgress,Fixflex/Bitchip
410,Lettie,Hamilton,dubje@bibep.to,Other,1 Day,12/27/2020,High,Closed,Y-find/Cardify
411,Blake,Richardson,bij@gi.om,Infrastructure,6 Months,07/12/20,New,Open,Latlux/Bitchip
412,Ella,Sullivan,agasogsot@iwob.ar,Product,2 Years,01/06/21,Medium,Pending,Kanlam/Transcof
413,Evan,Graves,gezdurul@gorif.bg,Infrastructure,5 Days,1/18/2021,Low,Improvement,Quo Lux/Rank
414,Loretta,Padilla,ra@ak.tg,Other,3 Weeks,6/16/2020,Medium,Improvement,Bitwolf/Wrapsafe
415,Victoria,Cain,to@coemo.sa,Infrastructure,9 Months,04/08/20,New,Improvement,Job/Bytecard
416,Ina,Pearson,wajol@nasabogu.az,Product,1 Month,4/21/2020,Medium,Assigned,Bamity/Mat Lam Tam
417,Georgia,Henry,pu@viwheife.ly,Infrastructure,1 Day,3/15/2020,Low,Open,It/Y-find
418,Luella,Ray,aznepag@ocodo.ga,Other,5 Days,5/23/2020,New,Open,Daltfresh/Greenlam
419,Connor,Watson,vuzsuafe@to.ru,Product,2 Months,10/02/20,Low,Pending,Wrapsafe/Bitchip
420,Johanna,McDaniel,rod@cugemfa.dm,Product,1 Month,08/08/20,New,Assigned,Zoolab/Sonair
421,Ronald,Boone,jabvaluw@da.py,Infrastructure,3 Weeks,03/07/20,Low,Open,Ventosanzap/Overhold
422,Gussie,Burns,bamuz@migiwze.py,Infrastructure,3 Weeks,12/01/20,New,Open,Tres-Zap/Quo Lux
423,Steven,Franklin,li@hajsen.gg,Product,1 Year,5/20/2020,New,Assigned,Sonair/Cardguard
424,Ann,Byrd,ugikaic@lewaz.bn,Product,1 Day,12/31/2020,Medium,Improvement,Hatity/Gembucket
425,Bill,Vaughn,pobpuwip@ficic.mv,Infrastructure,1 Month,11/09/20,Medium,Pending,Cardguard/Sonair
426,Beulah,Strickland,kiz@su.mn,Other,5 Days,11/28/2020,Medium,Improvement,Alphazap/Flowdesk
427,Harriet,Castro,nace@zu.id,Other,1 Month,03/02/20,High,Improvement,Alphazap/Trippledex
428,Marion,Larson,zuwunez@veura.fr,Infrastructure,3 Weeks,7/31/2020,High,Open,Redhold/Tres-Zap
429,Lawrence,Jensen,tut@ferci.bv,Product,2 Days,5/26/2020,Medium,Assigned,Bigtax/Bigtax
430,Charles,Thornton,anehot@efajej.ni,Product,2 Weeks,7/24/2020,Low,Assigned,Rank/Span
431,Noah,Watkins,vibebuj@ad.er,Other,5 Days,4/21/2020,New,Improvement,Fix San/Job
432,Dollie,Day,zogemu@mum.qa,Product,1 Month,5/31/2020,Medium,Assigned,Stim/Cookley
433,Justin,Keller,pufsaf@unje.sy,Product,5 Days,2/26/2020,Medium,Open,Bytecard/Voyatouch
434,Stella,Burns,nalimcu@moesi.nc,Other,9 Months,3/25/2020,Medium,Assigned,Voltsillam/Biodex
435,Henry,Bailey,tasvub@pe.af,Other,3 Weeks,12/15/2020,New,InProgress,Regrant/Daltfresh
436,Gary,Washington,capgela@fibgoj.na,Other,1 Week,01/08/21,Medium,Open,Overhold/Wrapsafe
437,Lena,Rios,faofole@lefifes.ma,Product,1 Year,5/31/2020,Medium,InProgress,Regrant/Cardguard
438,Seth,Medina,giwijaw@dapsim.cn,Infrastructure,2 Days,8/21/2020,Low,Open,Stim/Bytecard
439,Robert,Townsend,ce@sew.so,Other,3 Months,04/06/20,High,InProgress,Bigtax/Redhold
440,Olive,Page,ro@ce.es,Infrastructure,3 Weeks,05/05/20,Low,Assigned,Gembucket/Regrant
441,Thomas,Morales,vudov@etlavil.pr,Product,1 Month,04/06/20,New,Assigned,Alpha/Namfix
442,Matthew,Nunez,dosem@gausu.pn,Other,6 Months,12/23/2020,New,Improvement,Andalax/Andalax
443,Brandon,Bryan,vohu@sumvoh.jp,Infrastructure,5 Days,01/09/21,Low,Open,Alpha/Latlux
444,Austin,Holloway,fudip@pahbijke.sl,Product,3 Months,12/21/2020,Medium,Open,Treeflex/Otcom
445,Fanny,Nelson,wimmif@kekjit.sz,Other,6 Months,5/15/2020,High,Improvement,Tres-Zap/Matsoft
446,Ella,Love,ze@huvatra.zw,Infrastructure,2 Years,1/21/2021,Low,Pending,Span/Alpha
447,Chris,Stevenson,co@eftiak.hm,Product,1 Year,07/04/20,New,Pending,Viva/Cookley
448,Jason,Reeves,funna@irapavme.ve,Product,9 Months,1/29/2020,Low,Pending,Quo Lux/Daltfresh
449,Aiden,Stone,virafitah@ujta.uk,Infrastructure,9 Months,8/30/2020,New,Improvement,Cardify/Mat Lam Tam
450,Isaac,Kennedy,wechuniv@solso.sh,Other,2 Years,05/06/20,Low,Open,Sonsing/Kanlam
451,Eliza,Roberts,vo@ojilifdi.eh,Product,5 Days,09/08/20,Low,Open,Span/Quo Lux
452,Herman,Hayes,pukdewro@empu.so,Product,5 Days,02/11/20,New,Assigned,Stronghold/Zoolab
453,Winnie,Lambert,upfande@silgudup.zw,Infrastructure,1 Year,6/26/2020,Low,Closed,Tres-Zap/Span
454,Thomas,Fields,new@lov.hk,Product,3 Months,2/28/2020,Low,Improvement,Matsoft/Zontrax
455,Mabel,Miller,diza@mi.fj,Infrastructure,5 Days,10/08/20,Low,InProgress,Bitchip/Gembucket
456,Caleb,Kennedy,tof@nilebawi.sc,Infrastructure,2 Weeks,03/06/20,Low,InProgress,Ronstring/It
457,Lela,Torres,ahu@dorsapip.gp,Infrastructure,1 Day,06/07/20,Low,Open,Asoka/Quo Lux
458,Andre,Klein,ka@hicag.in,Other,1 Year,02/07/20,Low,Pending,Vagram/Y-Solowarm
459,Thomas,Delgado,avitos@paj.sg,Product,1 Year,10/29/2020,Low,Improvement,Veribet/Rank
460,Ronald,Day,cuebehe@tavicwem.as,Infrastructure,9 Months,5/14/2020,Medium,Open,Fintone/Fix San
461,Harriet,McGuire,eloecogal@dapoliw.su,Product,3 Months,1/19/2021,Low,Assigned,Sub-Ex/Namfix
462,Theodore,Wagner,jo@peiwud.sc,Infrastructure,9 Months,02/11/20,New,Pending,Tempsoft/Tres-Zap
463,Allie,Cortez,weide@sadbutna.mv,Other,9 Months,12/20/2020,Medium,Improvement,It/Wrapsafe
464,Andrew,Yates,tuvipu@amaduk.sb,Infrastructure,3 Months,03/09/20,Low,Assigned,Cardify/Job
465,William,Cole,urwi@golovim.hn,Other,9 Months,06/07/20,New,Pending,Regrant/Aerified
466,Matilda,Gonzalez,gohe@covonnom.si,Other,1 Week,04/08/20,High,Assigned,Stim/Prodder
467,Joshua,Foster,afbiwta@majhawzev.cd,Other,2 Days,6/20/2020,High,Open,Konklux/Fix San
468,David,Washington,imanakvi@muvdupi.gt,Other,5 Days,04/09/20,New,InProgress,Zathin/Tresom
469,Nancy,Montgomery,mihfeada@gabgoftok.fk,Infrastructure,1 Year,11/07/20,Medium,InProgress,Tres-Zap/Tresom
470,Catherine,Patrick,rubetma@ereso.je,Infrastructure,2 Days,12/06/20,New,Open,Stringtough/Tampflex
471,Adelaide,Bell,loc@odu.tz,Other,6 Months,3/31/2020,New,InProgress,Asoka/Duobam
472,Cecelia,Sanchez,taldi@ge.ye,Infrastructure,1 Week,07/05/20,Low,Closed,Gembucket/Zamit
473,Shawn,Patterson,gano@pod.mg,Other,5 Days,01/01/21,Medium,Open,Sonair/Solarbreeze
474,Tommy,Hampton,macjuto@wop.je,Infrastructure,5 Days,3/14/2020,Medium,InProgress,Stim/Cardguard
475,Katharine,Schwartz,ispadga@wa.bj,Product,5 Days,7/23/2020,New,Improvement,Zaam-Dox/Zathin
476,Rodney,Knight,lan@upjevu.mq,Infrastructure,5 Days,1/25/2021,Medium,Improvement,Voyatouch/Home Ing
477,Catherine,Flowers,mefbafih@mem.ca,Other,9 Months,6/19/2020,Medium,Open,Namfix/Hatity
478,Travis,James,uzuceje@if.mm,Other,5 Days,3/27/2020,High,Open,Bamity/Flowdesk
479,Bernice,Wheeler,igaeta@tevlaz.ht,Product,1 Day,09/06/20,High,Assigned,Domainer/Konklux
480,Lola,Nelson,kidkaljun@lup.ls,Product,2 Days,12/11/20,High,Assigned,Job/Zathin
481,Tillie,Douglas,otaj@viswuwdaz.ad,Product,9 Months,5/13/2020,New,Pending,Matsoft/Temp
482,Augusta,Reynolds,wad@nu.gw,Other,6 Months,3/31/2020,Low,Improvement,Toughjoyfax/Daltfresh
483,Marguerite,Ingram,rocaoho@civnibon.sh,Other,1 Week,7/22/2020,Medium,Open,Matsoft/Kanlam
484,Nina,Byrd,tu@coem.tk,Infrastructure,6 Months,11/27/2020,New,Pending,Bitchip/Span
485,Lottie,Boone,hos@no.af,Product,2 Days,04/10/20,New,InProgress,Wrapsafe/Latlux
486,Lewis,Bishop,wuuj@sikni.jp,Product,6 Months,09/03/20,Medium,InProgress,Matsoft/Ventosanzap
487,Bess,Stewart,limiura@icaraghu.nf,Infrastructure,2 Months,10/11/20,New,InProgress,Biodex/Ronstring
488,Georgie,Rios,rabfo@itji.si,Other,1 Year,05/09/20,New,Open,Asoka/Overhold
489,Lilly,Nguyen,iwaneve@eri.cu,Product,5 Days,4/21/2020,Medium,Open,Prodder/Y-find
490,Maria,Gonzalez,epi@uno.org,Product,1 Year,5/22/2020,Low,InProgress,Transcof/Lotstring
491,Micheal,Barker,nim@oguzep.ad,Infrastructure,1 Year,07/11/20,Medium,Improvement,Zathin/Bitwolf
492,Robert,Hunter,tefubewom@gulze.gl,Infrastructure,2 Days,2/24/2020,Medium,Pending,Cookley/Lotlux
493,Mildred,Luna,cek@pof.ss,Product,1 Week,10/01/20,New,InProgress,Fixflex/Stronghold
494,Pauline,Kennedy,timja@wokecet.me,Product,9 Months,8/28/2020,High,InProgress,Prodder/Quo Lux
495,Chester,Chavez,bi@fel.nc,Other,1 Week,1/14/2021,New,Open,Holdlamis/Voltsillam
496,Pauline,Turner,mawa@di.io,Infrastructure,6 Months,5/19/2020,High,InProgress,Mat Lam Tam/Keylex
497,Viola,Greene,riconnus@ur.pg,Product,9 Months,03/12/20,Medium,Closed,Latlux/Fix San
498,Eliza,Walters,dajwe@tozuape.pw,Product,2 Weeks,9/16/2020,High,InProgress,Cardguard/Overhold
499,Ryan,Briggs,azehiemi@wedsa.om,Other,1 Month,7/20/2020,New,Pending,Flexidy/Toughjoyfax
500,Julian,Rose,ko@titrelruh.ug,Other,9 Months,3/30/2020,Medium,Open,Regrant/Cookley
501,Lura,Obrien,oma@tav.mk,Infrastructure,1 Day,11/21/2020,Medium,Open,Subin/Tempsoft
502,Jon,Love,gif@upubot.dz,Infrastructure,3 Weeks,6/20/2020,Low,Open,Latlux/Opela
503,Birdie,Medina,lic@fimdo.ni,Product,3 Months,01/01/21,Medium,Assigned,Lotstring/Fix San
504,Ronnie,Patterson,emica@rilinap.an,Other,2 Weeks,2/27/2020,Medium,InProgress,It/Subin
505,Rosie,Walton,apak@hafkied.org,Product,6 Months,8/16/2020,Low,Closed,Zamit/Sub-Ex
506,Steve,Simon,rotasu@me.nr,Other,2 Years,4/22/2020,New,Assigned,Ventosanzap/Lotstring
507,Lora,Potter,amo@ketojto.fj,Infrastructure,1 Month,04/02/20,Low,Closed,Matsoft/Kanlam
508,Josephine,Guzman,tahow@bofwig.so,Other,9 Months,2/18/2020,New,InProgress,Voyatouch/It
509,Roxie,Ramsey,peti@peotajo.mh,Infrastructure,2 Years,12/03/20,High,Closed,Fixflex/Bitchip
510,Christine,Tucker,riwwukfuk@rozduhot.it,Product,1 Year,5/19/2020,High,Pending,Y-find/Cardify
511,Jimmy,Dean,pucfi@tec.mu,Infrastructure,1 Month,03/08/20,New,Open,Latlux/Bitchip
512,Wayne,Davidson,ro@gaafodod.de,Product,1 Week,1/13/2021,Low,Open,Kanlam/Transcof
513,Verna,Lawson,go@gudunu.lv,Product,3 Weeks,12/22/2020,High,Open,Quo Lux/Rank
514,Nellie,Graves,cunfaar@seh.aw,Product,2 Years,6/20/2020,Medium,Pending,Bitwolf/Wrapsafe
515,Gerald,Fowler,mikgivrev@tadaf.ug,Product,2 Weeks,3/15/2020,New,InProgress,Job/Bytecard
516,Beulah,Greene,biz@egosavte.bi,Infrastructure,5 Days,5/20/2020,Medium,Improvement,Bamity/Mat Lam Tam
517,Susan,Gibbs,sujheipe@lejukol.ni,Product,2 Weeks,11/07/20,Medium,Improvement,It/Y-find
518,Leona,Patton,kefawre@sedozec.et,Other,2 Days,7/15/2020,Medium,Improvement,Daltfresh/Greenlam
519,Bertha,Turner,bucuvajuk@za.gt,Infrastructure,3 Months,1/18/2021,High,Improvement,Wrapsafe/Bitchip
520,Luella,Steele,nukoosu@zut.mk,Infrastructure,3 Weeks,9/23/2020,High,InProgress,Zoolab/Sonair
521,Marguerite,Wright,tasij@ligipewi.pn,Product,2 Months,02/12/20,New,Closed,Ventosanzap/Overhold
522,Hannah,Walsh,momjigih@id.mk,Other,2 Years,01/03/21,Medium,Pending,Tres-Zap/Quo Lux
523,Chad,Henderson,radkav@vuma.an,Other,9 Months,9/22/2020,Low,Open,Sonair/Cardguard
524,Timothy,Baldwin,poptosew@tiwos.sx,Other,1 Year,9/27/2020,New,Improvement,Hatity/Gembucket
525,Christina,Morton,ogameh@bibim.se,Other,1 Year,11/01/20,Low,Open,Cardguard/Sonair
526,Jared,Paul,suprev@umvaumi.ng,Infrastructure,1 Day,2/17/2020,Low,Assigned,Alphazap/Flowdesk
527,Dustin,McKenzie,pice@vub.iq,Infrastructure,1 Year,10/25/2020,Low,InProgress,Alphazap/Trippledex
528,Ethan,Arnold,akki@ub.kg,Product,1 Year,12/20/2020,High,Closed,Redhold/Tres-Zap
529,Sophia,Arnold,dujcizuto@ri.edu,Other,2 Months,11/09/20,New,Improvement,Bigtax/Bigtax
530,Olivia,Washington,lu@zo.kp,Product,3 Months,12/29/2020,High,Closed,Rank/Span
531,Elijah,Sparks,ne@meguzi.pl,Other,9 Months,11/28/2020,Low,Assigned,Fix San/Job
532,Nathaniel,Cannon,vu@ik.uk,Product,3 Months,11/25/2020,New,Pending,Stim/Cookley
533,Emma,Harper,coka@deb.bg,Product,2 Years,1/15/2021,Medium,Improvement,Bytecard/Voyatouch
534,Flora,Nichols,tujfik@ge.eh,Infrastructure,1 Week,08/09/20,Low,Pending,Voltsillam/Biodex
535,Johnny,Copeland,asuvonod@lo.ki,Product,2 Days,10/21/2020,Low,Pending,Regrant/Daltfresh
536,Dustin,Ferguson,oda@piocava.ke,Product,2 Weeks,7/31/2020,High,Assigned,Overhold/Wrapsafe
537,Stephen,Harris,rudbe@vun.ro,Infrastructure,1 Day,08/02/20,Medium,InProgress,Regrant/Cardguard
538,Kyle,Wise,akdorwop@hohav.bb,Product,9 Months,4/29/2020,Medium,Assigned,Stim/Bytecard
539,Estelle,Sandoval,hahvif@hudaj.ws,Infrastructure,1 Month,12/04/20,Low,Closed,Bigtax/Redhold
540,Jimmy,Cobb,uvo@ju.ki,Product,3 Weeks,12/09/20,High,Open,Gembucket/Regrant
541,Ora,Powell,ohoig@botpawih.us,Other,1 Day,9/28/2020,Low,Open,Alpha/Namfix
542,Elizabeth,Reyes,tobfoz@etbihsed.jo,Infrastructure,2 Years,03/07/20,New,InProgress,Andalax/Andalax
543,Johnny,Reyes,kunab@uba.ma,Product,1 Month,09/05/20,High,Closed,Alpha/Latlux
544,Wayne,Myers,zubeh@rusveroz.nr,Other,1 Month,02/12/20,High,Improvement,Treeflex/Otcom
545,Herbert,Vargas,zu@opsuod.bn,Infrastructure,6 Months,8/23/2020,Medium,Closed,Tres-Zap/Matsoft
546,Darrell,Gregory,rafpe@me.kz,Infrastructure,1 Year,10/22/2020,High,Improvement,Span/Alpha
547,Leona,Hawkins,lesa@vaptiw.gy,Other,3 Months,2/24/2020,New,InProgress,Viva/Cookley
548,Mathilda,Harrington,ha@sujhosgij.mr,Product,5 Days,7/27/2020,New,Improvement,Quo Lux/Daltfresh
549,Fanny,Gibson,ekoebi@ne.mw,Product,2 Days,3/27/2020,Low,Assigned,Cardify/Mat Lam Tam
550,Kevin,Jackson,amomobedi@mewfoh.pg,Other,1 Month,1/13/2021,Low,Improvement,Sonsing/Kanlam
551,Sadie,Anderson,owsocgez@ju.tw,Product,5 Days,7/29/2020,New,Pending,Span/Quo Lux
552,Rena,Drake,hasgucbah@no.bn,Product,1 Year,08/03/20,Medium,Assigned,Stronghold/Zoolab
553,Duane,Alvarado,haro@loofug.ph,Product,6 Months,01/09/21,New,Closed,Tres-Zap/Span
554,Theodore,Rodriguez,ka@acanebe.gb,Other,6 Months,01/06/21,Medium,Closed,Matsoft/Zontrax
555,Jessie,Guerrero,jugetu@ecavuala.nz,Product,1 Year,7/29/2020,High,InProgress,Bitchip/Gembucket
556,Brandon,Griffith,va@fotnedha.tc,Product,9 Months,6/24/2020,Medium,InProgress,Ronstring/It
557,Herman,Garrett,ze@no.gd,Product,3 Months,12/01/20,Medium,Improvement,Asoka/Quo Lux
558,Brent,Fernandez,ruszi@bin.fr,Other,2 Months,7/21/2020,High,Assigned,Vagram/Y-Solowarm
559,Oscar,Nunez,wecojoh@bejsir.md,Other,1 Month,06/12/20,Low,Improvement,Veribet/Rank
560,Evan,Morton,kod@labuz.pw,Product,5 Days,06/06/20,Low,Closed,Fintone/Fix San
561,Janie,Guzman,we@zopufaw.om,Infrastructure,6 Months,10/29/2020,Medium,InProgress,Sub-Ex/Namfix
562,Lelia,Barton,ojkewho@cot.do,Other,1 Week,12/15/2020,Low,Assigned,Tempsoft/Tres-Zap
563,Virginia,Joseph,he@codmaif.at,Infrastructure,1 Year,02/05/20,High,InProgress,It/Wrapsafe
564,Flora,Webb,osuhah@caz.cl,Other,2 Years,5/30/2020,New,Improvement,Cardify/Job
565,Lula,Dixon,razcif@bahetunep.ie,Infrastructure,1 Year,01/01/21,High,Open,Regrant/Aerified
566,Francisco,Fuller,icu@ogi.sz,Other,3 Weeks,11/22/2020,Low,InProgress,Stim/Prodder
567,Nina,Collier,pukezu@ulpozuc.az,Product,1 Week,10/20/2020,Medium,Closed,Konklux/Fix San
568,Phillip,Ross,zutfoke@todcefgus.tl,Infrastructure,5 Days,9/19/2020,New,Closed,Zathin/Tresom
569,Hannah,Hunter,bo@utdi.cw,Other,1 Day,12/25/2020,Low,Assigned,Tres-Zap/Tresom
570,Polly,Alvarado,udu@goval.tw,Product,5 Days,7/29/2020,Low,InProgress,Stringtough/Tampflex
571,Lottie,Taylor,kowjugul@ducjegur.gov,Infrastructure,2 Years,4/22/2020,Medium,Closed,Asoka/Duobam
572,Antonio,Patterson,do@icipi.gy,Product,1 Month,11/11/20,Low,Pending,Gembucket/Zamit
573,Rose,Carpenter,bejipzu@ifgi.lr,Product,6 Months,12/01/20,High,Improvement,Sonair/Solarbreeze
574,Gabriel,Robbins,na@tusrok.hr,Other,3 Weeks,8/15/2020,New,Open,Stim/Cardguard
575,Augusta,McCarthy,sarketri@vu.bz,Other,2 Weeks,1/29/2020,Low,Open,Zaam-Dox/Zathin
576,Daisy,Bryan,zakjibo@gugalupa.kz,Product,3 Months,3/14/2020,New,Pending,Voyatouch/Home Ing
577,Robert,Reyes,sozra@abohi.pm,Other,6 Months,09/08/20,Medium,Closed,Namfix/Hatity
578,Luke,Howell,dov@rapig.wf,Other,2 Years,12/26/2020,Medium,Open,Bamity/Flowdesk
579,Justin,Williams,lattim@ujhij.mz,Infrastructure,9 Months,7/26/2020,Medium,Assigned,Domainer/Konklux
580,Elnora,Ballard,duodvu@bo.sh,Other,2 Years,09/01/20,New,InProgress,Job/Zathin
581,Anne,Kim,sodike@depo.sg,Other,9 Months,1/19/2021,Low,Open,Matsoft/Temp
582,Edward,Patterson,jezo@ud.je,Infrastructure,1 Year,1/28/2021,New,Closed,Toughjoyfax/Daltfresh
583,Hannah,Luna,mazeen@okerup.ne,Other,3 Months,7/19/2020,Medium,Pending,Matsoft/Kanlam
584,Alta,McGuire,wom@nuife.me,Other,2 Weeks,1/15/2021,Medium,Open,Bitchip/Span
585,Elsie,Wright,dufopbep@if.sh,Other,1 Day,10/08/20,New,InProgress,Wrapsafe/Latlux
586,Eddie,Salazar,talonos@kir.aq,Infrastructure,1 Day,12/13/2020,New,Closed,Matsoft/Ventosanzap
587,Jessie,Murphy,lohagawu@hos.eu,Infrastructure,1 Day,3/17/2020,Low,Improvement,Biodex/Ronstring
588,Callie,Barrett,got@cigooc.in,Infrastructure,5 Days,10/23/2020,High,Closed,Asoka/Overhold
589,Inez,Jimenez,uhhopu@koatiza.es,Other,9 Months,7/14/2020,High,Improvement,Prodder/Y-find
590,Winifred,Conner,fe@fem.dj,Product,2 Weeks,5/31/2020,Medium,Open,Transcof/Lotstring
591,Tyler,Owens,aletim@ve.al,Infrastructure,1 Year,12/20/2020,New,Assigned,Zathin/Bitwolf
592,Mollie,Washington,desrihot@namta.fk,Other,1 Year,08/01/20,Medium,Assigned,Cookley/Lotlux
593,Sue,Potter,dekkivfi@holkik.cv,Product,2 Years,09/09/20,Medium,Pending,Fixflex/Stronghold
594,Brett,Lindsey,efevaz@kalgaire.ad,Infrastructure,2 Months,8/24/2020,Low,InProgress,Prodder/Quo Lux
595,Willie,Howard,nucigrac@isaug.mc,Infrastructure,5 Days,02/09/20,Low,InProgress,Holdlamis/Voltsillam
596,Rena,Castro,kofu@tempicvif.er,Other,1 Month,1/15/2021,New,Closed,Mat Lam Tam/Keylex
597,Phoebe,Vaughn,uvhik@wuhoroka.ck,Other,5 Days,06/06/20,Low,Improvement,Latlux/Fix San
598,Joshua,Ferguson,woskid@anirif.la,Infrastructure,9 Months,11/22/2020,New,Assigned,Cardguard/Overhold
599,Lizzie,Brown,zip@debuf.org,Infrastructure,3 Months,8/16/2020,High,Improvement,Flexidy/Toughjoyfax
600,Hannah,Stevenson,dawdogo@do.gr,Infrastructure,5 Days,07/02/20,Low,InProgress,Regrant/Cookley
601,Myrtie,Holloway,nab@zuzelgap.bg,Product,5 Days,7/20/2020,New,Assigned,Subin/Tempsoft
602,Mark,Alexander,leripe@junpa.ru,Other,2 Days,2/27/2020,New,InProgress,Latlux/Opela
603,Mollie,Simon,rapwetnoc@pe.sx,Other,3 Months,10/31/2020,Low,Closed,Lotstring/Fix San
604,Violet,Wallace,tubfastu@bow.ug,Product,1 Year,2/26/2020,High,Pending,It/Subin
605,Glenn,Reese,ape@erejdoc.nr,Other,2 Years,3/22/2020,Medium,Pending,Zamit/Sub-Ex
606,Lucas,Ortega,duzke@bi.cf,Other,6 Months,7/30/2020,Low,Assigned,Ventosanzap/Lotstring
607,Clarence,Ellis,je@gumugwaz.tr,Other,2 Days,09/08/20,High,Assigned,Matsoft/Kanlam
608,Theresa,Greene,am@bauhlu.fo,Infrastructure,3 Weeks,10/12/20,Low,Assigned,Voyatouch/It
609,Jared,Cannon,diz@pi.tp,Infrastructure,3 Months,6/19/2020,Low,Assigned,Fixflex/Bitchip
610,Allen,Osborne,joj@ickalot.er,Product,2 Weeks,7/14/2020,New,InProgress,Y-find/Cardify
611,Lenora,Hoffman,oruwnen@zo.sx,Infrastructure,2 Weeks,1/25/2021,High,Pending,Latlux/Bitchip
612,Lucile,Boone,repbocu@wewbofis.cl,Product,2 Days,12/23/2020,New,Pending,Kanlam/Transcof
613,Jeff,Lynch,ogijiel@fawwin.bi,Infrastructure,1 Year,7/17/2020,Low,Open,Quo Lux/Rank
614,Gabriel,Young,kig@acedu.bo,Product,6 Months,06/04/20,High,InProgress,Bitwolf/Wrapsafe
615,Mabel,Maxwell,kin@hiboz.bt,Infrastructure,2 Weeks,3/20/2020,New,Pending,Job/Bytecard
616,Esther,Carson,ne@gihfom.ml,Product,1 Week,02/11/20,New,Open,Bamity/Mat Lam Tam
617,Kenneth,Floyd,ri@jop.wf,Product,5 Days,08/11/20,Low,Closed,It/Y-find
618,Luke,Watson,olmavbir@goknikzuv.pr,Infrastructure,2 Days,01/10/21,Medium,Pending,Daltfresh/Greenlam
619,Sam,Figueroa,ukvunud@be.lk,Infrastructure,3 Months,12/13/2020,High,Open,Wrapsafe/Bitchip
620,Estelle,Tucker,uvowi@asuseno.ua,Other,2 Weeks,07/02/20,New,InProgress,Zoolab/Sonair
621,Franklin,Hines,fernammez@zedezev.gu,Other,3 Months,08/07/20,High,InProgress,Ventosanzap/Overhold
622,Virginia,Barrett,arte@sit.ge,Product,1 Month,7/13/2020,High,InProgress,Tres-Zap/Quo Lux
623,Lelia,Hogan,vuvde@letag.gw,Other,6 Months,5/26/2020,New,Open,Sonair/Cardguard
624,Howard,Rogers,kuk@cezot.sx,Other,2 Months,4/22/2020,Medium,Improvement,Hatity/Gembucket
625,Harold,Cobb,setmulfev@bapegta.np,Other,2 Weeks,09/03/20,New,Assigned,Cardguard/Sonair
626,Ronald,Young,zovka@injij.nz,Infrastructure,2 Months,12/01/20,New,Pending,Alphazap/Flowdesk
627,Polly,Ramirez,wuvaj@vig.cz,Product,6 Months,4/26/2020,New,Pending,Alphazap/Trippledex
628,Myra,Cruz,ru@hodpot.gf,Infrastructure,3 Weeks,05/08/20,High,InProgress,Redhold/Tres-Zap
629,Stanley,Graham,zislawwoj@tefi.kh,Infrastructure,1 Week,12/13/2020,Medium,Closed,Bigtax/Bigtax
630,Viola,Weber,jaha@jocujic.gr,Other,3 Months,08/09/20,Low,InProgress,Rank/Span
631,Christian,Thomas,zaknezow@zusma.ne,Infrastructure,2 Months,05/07/20,High,Pending,Fix San/Job
632,Fannie,Craig,hom@eka.ad,Infrastructure,1 Year,02/06/20,High,Closed,Stim/Cookley
633,Madge,Barber,ehjobaza@nenhecof.ch,Other,9 Months,5/21/2020,High,Pending,Bytecard/Voyatouch
634,Lilly,Floyd,roj@dacagupif.uz,Product,6 Months,12/20/2020,Low,Open,Voltsillam/Biodex
635,Carolyn,Wheeler,dofogu@hubbe.sv,Product,2 Months,5/24/2020,High,Assigned,Regrant/Daltfresh
636,Christine,Porter,umugu@aforaloh.zm,Product,2 Weeks,07/06/20,Medium,Improvement,Overhold/Wrapsafe
637,Genevieve,Yates,comuto@ic.bg,Infrastructure,2 Months,7/28/2020,Low,Closed,Regrant/Cardguard
638,Jay,Roberts,gufafore@rifpi.co.uk,Infrastructure,3 Months,2/26/2020,Low,Improvement,Stim/Bytecard
639,Max,Simpson,ekamuvhi@wojameheb.ms,Infrastructure,5 Days,9/17/2020,New,Pending,Bigtax/Redhold
640,Jason,McGuire,enrifdu@totudce.sk,Product,1 Month,11/08/20,High,Assigned,Gembucket/Regrant
641,Mitchell,Hammond,nug@jiboznuk.md,Infrastructure,2 Days,10/11/20,High,Pending,Alpha/Namfix
642,Roger,Jensen,cawi@fur.dm,Infrastructure,2 Months,2/19/2020,Low,Open,Andalax/Andalax
643,Ricky,Mitchell,elokonab@vu.ae,Infrastructure,5 Days,5/13/2020,New,Assigned,Alpha/Latlux
644,Dominic,Stephens,zosdooso@gatet.an,Infrastructure,1 Day,11/03/20,Medium,Assigned,Treeflex/Otcom
645,Victor,Carroll,samtib@rotciuk.bm,Product,1 Year,7/26/2020,Medium,InProgress,Tres-Zap/Matsoft
646,Joe,Morgan,sulmi@aka.bm,Infrastructure,6 Months,1/21/2021,High,Open,Span/Alpha
647,Ophelia,Manning,je@oj.et,Product,2 Weeks,06/02/20,Low,InProgress,Viva/Cookley
648,Fred,Ramsey,zurvih@vucicbov.mk,Other,2 Days,7/18/2020,New,Improvement,Quo Lux/Daltfresh
649,Luke,Bowman,tocnowru@ricah.mx,Other,1 Month,12/03/20,High,Pending,Cardify/Mat Lam Tam
650,Alan,Walker,afhuwgi@di.np,Infrastructure,2 Weeks,6/29/2020,Medium,Assigned,Sonsing/Kanlam
651,Caleb,Griffith,amemi@hosasgi.hm,Infrastructure,2 Weeks,10/14/2020,Medium,Pending,Span/Quo Lux
652,Ronnie,Payne,mi@ehozep.us,Infrastructure,2 Days,12/22/2020,Low,Assigned,Stronghold/Zoolab
653,Helen,Reynolds,ocevavsar@vol.ir,Infrastructure,2 Years,9/20/2020,New,Open,Tres-Zap/Span
654,Edward,Taylor,if@niw.mn,Product,2 Months,01/02/21,Medium,Improvement,Matsoft/Zontrax
655,Elnora,Perry,wahgaf@usre.py,Product,9 Months,09/03/20,Low,Open,Bitchip/Gembucket
656,Helena,Hicks,gub@wete.ge,Infrastructure,3 Months,7/17/2020,Low,Pending,Ronstring/It
657,Josie,Moran,suzulpif@sijaena.bg,Infrastructure,1 Day,10/14/2020,New,Open,Asoka/Quo Lux
658,Ruby,Kim,jigacrij@ru.ch,Other,5 Days,05/08/20,Low,InProgress,Vagram/Y-Solowarm
659,Angel,Kelly,ijnivot@rufjaj.lr,Product,1 Week,03/02/20,Medium,Improvement,Veribet/Rank
660,Martha,Gibbs,ri@ko.ly,Other,2 Months,10/25/2020,Medium,Open,Fintone/Fix San
661,Bertie,Walsh,lisapso@ovkezzi.sr,Infrastructure,5 Days,5/23/2020,Low,Improvement,Sub-Ex/Namfix
662,Jerome,Hopkins,mi@gumpocku.md,Product,1 Year,7/19/2020,Medium,Assigned,Tempsoft/Tres-Zap
663,Wesley,Cooper,orjow@abo.sv,Product,9 Months,05/10/20,Low,Open,It/Wrapsafe
664,Cory,Burke,tamivac@poveb.aq,Product,2 Months,09/12/20,New,InProgress,Cardify/Job
665,Nancy,Holmes,pekike@otatob.uy,Infrastructure,6 Months,11/21/2020,Medium,Improvement,Regrant/Aerified
666,Chase,Thornton,wezu@fot.cx,Product,1 Day,4/29/2020,New,Closed,Stim/Prodder
667,Adrian,Franklin,gew@wo.se,Infrastructure,5 Days,7/29/2020,New,Pending,Konklux/Fix San
668,Rhoda,Fisher,zaebece@hijku.ga,Infrastructure,2 Weeks,11/24/2020,New,InProgress,Zathin/Tresom
669,Gabriel,Hunt,bire@foeg.net,Other,1 Month,02/07/20,Medium,Pending,Tres-Zap/Tresom
670,Johanna,Singleton,liohobe@goasuiwe.ck,Product,1 Month,02/08/20,New,Assigned,Stringtough/Tampflex
671,Randall,Flores,itofun@nujguwoc.gov,Infrastructure,1 Year,04/12/20,Low,Improvement,Asoka/Duobam
672,Melvin,Bates,apbinan@ki.eg,Product,2 Months,7/24/2020,Medium,Assigned,Gembucket/Zamit
673,Nell,Mendoza,susi@ozbegil.mh,Other,2 Weeks,8/18/2020,Low,Pending,Sonair/Solarbreeze
674,Nelle,Harrison,imuzim@tut.tw,Infrastructure,2 Years,10/17/2020,Medium,Pending,Stim/Cardguard
675,Mollie,Francis,tivifawe@zeimopas.gs,Other,2 Years,03/08/20,High,Assigned,Zaam-Dox/Zathin
676,Sallie,Bass,habozbik@buj.sb,Other,3 Weeks,7/17/2020,New,Closed,Voyatouch/Home Ing
677,Curtis,Ford,edabeom@ovve.so,Product,2 Weeks,06/08/20,New,Assigned,Namfix/Hatity
678,Brent,Moss,safi@divzehug.pl,Infrastructure,2 Days,3/27/2020,Low,Open,Bamity/Flowdesk
679,Lura,Shelton,petokago@esetazip.uz,Product,2 Weeks,2/21/2020,New,InProgress,Domainer/Konklux
680,Edgar,Lindsey,repit@ibdiv.tf,Product,3 Months,2/21/2020,Medium,Closed,Job/Zathin
681,Lillie,Graves,pev@er.al,Infrastructure,1 Year,7/15/2020,Low,Closed,Matsoft/Temp
682,Duane,Larson,zolfeate@dub.tz,Other,5 Days,11/23/2020,High,Pending,Toughjoyfax/Daltfresh
683,Inez,Barrett,bigirer@megkadem.mo,Other,1 Week,10/07/20,Low,Improvement,Matsoft/Kanlam
684,Anthony,McGee,in@asni.am,Infrastructure,5 Days,1/31/2020,Medium,InProgress,Bitchip/Span
685,Verna,Adams,iru@diherka.vn,Infrastructure,5 Days,07/03/20,New,Open,Wrapsafe/Latlux
686,Clayton,Chambers,julici@tebo.sh,Infrastructure,1 Week,9/28/2020,New,Improvement,Matsoft/Ventosanzap
687,Henry,Rhodes,mo@sibbu.gb,Product,2 Weeks,01/03/21,Medium,Improvement,Biodex/Ronstring
688,Brent,Lyons,pi@dudev.ps,Product,5 Days,6/30/2020,Medium,Improvement,Asoka/Overhold
689,Cynthia,Reed,sati@jiw.sa,Other,3 Weeks,5/13/2020,New,Assigned,Prodder/Y-find
690,Leila,Gutierrez,nen@ru.hk,Infrastructure,9 Months,11/11/20,Medium,InProgress,Transcof/Lotstring
691,Ruth,Taylor,ogusirum@uwu.na,Other,2 Weeks,5/18/2020,High,Closed,Zathin/Bitwolf
692,Samuel,Jefferson,ripi@piton.org,Product,2 Weeks,05/11/20,Low,Assigned,Cookley/Lotlux
693,Maggie,Lloyd,va@co.jo,Infrastructure,2 Months,06/07/20,Low,Closed,Fixflex/Stronghold
694,Jack,Jacobs,livujoji@tenfosed.hu,Product,2 Days,2/21/2020,High,Pending,Prodder/Quo Lux
695,Jessie,Barrett,rav@alawe.fo,Product,3 Weeks,06/07/20,New,Open,Holdlamis/Voltsillam
696,Adrian,Hampton,duciw@iwi.sh,Other,3 Weeks,04/09/20,Medium,Assigned,Mat Lam Tam/Keylex
697,Victoria,Massey,haffa@rovcihda.eu,Infrastructure,1 Day,01/06/21,Medium,Closed,Latlux/Fix San
698,Luella,Fitzgerald,gikdid@alo.cy,Infrastructure,5 Days,01/01/21,High,Assigned,Cardguard/Overhold
699,Jane,Maldonado,ge@vehki.by,Product,1 Year,6/24/2020,High,Closed,Flexidy/Toughjoyfax
700,Julia,Love,vopirala@ruz.td,Infrastructure,9 Months,10/13/2020,Medium,Closed,Regrant/Cookley
701,Sadie,Taylor,jadujira@linihwe.no,Other,2 Weeks,12/14/2020,Medium,InProgress,Subin/Tempsoft
702,Marguerite,Underwood,lolnugne@giwa.io,Product,9 Months,12/04/20,High,Improvement,Latlux/Opela
703,Inez,Walker,vul@niji.ae,Product,1 Month,08/08/20,Low,InProgress,Lotstring/Fix San
704,Dennis,Bishop,hokul@ipvojsa.it,Product,2 Months,12/05/20,New,InProgress,It/Subin
705,Tom,Torres,zerhifoz@kaju.mn,Product,1 Year,07/03/20,High,Assigned,Zamit/Sub-Ex
706,Jeremiah,Christensen,ik@nusvebron.et,Infrastructure,5 Days,8/31/2020,High,Closed,Ventosanzap/Lotstring
707,Lura,Tate,racudid@wobni.lv,Product,6 Months,12/06/20,Medium,Improvement,Matsoft/Kanlam
708,Scott,Nash,ijiusu@edomituc.ge,Other,3 Weeks,6/23/2020,New,Pending,Voyatouch/It
709,Victor,Roberts,ahhubluv@oc.gd,Infrastructure,1 Year,8/21/2020,Medium,Open,Fixflex/Bitchip
710,Margaret,Frank,ficjo@erioruhup.am,Other,1 Month,06/04/20,Medium,Closed,Y-find/Cardify
711,Lawrence,Chavez,mimoheb@piw.ad,Other,6 Months,8/28/2020,Low,Closed,Latlux/Bitchip
712,Chris,Morton,pezan@aso.sl,Infrastructure,6 Months,09/07/20,High,Pending,Kanlam/Transcof
713,Sallie,Carpenter,ramudwas@log.sg,Product,5 Days,08/04/20,New,Open,Quo Lux/Rank
714,Franklin,Ballard,sizji@pis.tv,Other,1 Day,11/05/20,Low,Open,Bitwolf/Wrapsafe
715,Gabriel,Osborne,simkikaz@ebza.tf,Infrastructure,6 Months,8/14/2020,Medium,Improvement,Job/Bytecard
716,Nathan,Frazier,ebamif@niddanha.cl,Other,3 Weeks,3/30/2020,Low,Closed,Bamity/Mat Lam Tam
717,David,Hart,mop@em.tw,Product,5 Days,4/23/2020,Medium,Closed,It/Y-find
718,Manuel,Townsend,itvoduro@ojebun.bv,Infrastructure,1 Week,11/28/2020,Low,Open,Daltfresh/Greenlam
719,Glenn,Underwood,su@vegawwag.lu,Product,1 Year,2/18/2020,Low,Improvement,Wrapsafe/Bitchip
720,Estelle,Ryan,gevlak@bah.bw,Other,3 Weeks,05/02/20,New,Open,Zoolab/Sonair
721,Martin,Marshall,weke@timo.hu,Infrastructure,1 Month,11/22/2020,Low,Improvement,Ventosanzap/Overhold
722,Christopher,George,kotfeb@apiese.gy,Infrastructure,3 Months,10/01/20,Medium,Open,Tres-Zap/Quo Lux
723,Martin,Norman,sebu@suk.fr,Infrastructure,2 Weeks,2/18/2020,Medium,Assigned,Sonair/Cardguard
724,Lucy,Sharp,buw@iru.hn,Other,5 Days,11/05/20,Medium,Closed,Hatity/Gembucket
725,Harriett,Gross,wi@nob.tp,Other,5 Days,7/18/2020,Medium,Closed,Cardguard/Sonair
726,Richard,Anderson,fat@le.bd,Other,2 Days,6/14/2020,High,InProgress,Alphazap/Flowdesk
727,Jack,Fuller,gaz@vohe.mk,Other,6 Months,9/30/2020,Medium,InProgress,Alphazap/Trippledex
728,Jay,Burke,fe@kuivagib.om,Infrastructure,6 Months,8/19/2020,New,Improvement,Redhold/Tres-Zap
729,Theodore,Harrington,hi@wunuoj.ls,Product,2 Months,12/30/2020,New,InProgress,Bigtax/Bigtax
730,Ethan,Carr,gu@sib.pg,Other,1 Week,1/18/2021,High,InProgress,Rank/Span
731,Lois,Webster,fazhojas@hagar.cd,Other,1 Year,04/06/20,Low,Closed,Fix San/Job
732,Troy,Nunez,muhioh@wirceh.in,Other,6 Months,02/02/20,Low,Pending,Stim/Cookley
733,Iva,Gray,icera@uno.bh,Infrastructure,2 Weeks,03/08/20,New,Improvement,Bytecard/Voyatouch
734,Charlie,Richardson,kawpuosu@juka.bz,Infrastructure,6 Months,01/11/21,Medium,Improvement,Voltsillam/Biodex
735,Adeline,Maxwell,mu@bejtic.je,Product,6 Months,9/23/2020,New,Assigned,Regrant/Daltfresh
736,Rhoda,Carr,nidsuk@odiep.pg,Other,5 Days,12/06/20,High,InProgress,Overhold/Wrapsafe
737,Dorothy,Garcia,dallu@uwtifveh.lc,Other,2 Months,4/30/2020,Low,Closed,Regrant/Cardguard
738,Dominic,McLaughlin,ten@ahe.bh,Product,3 Months,11/26/2020,High,Improvement,Stim/Bytecard
739,Rose,Rice,adrab@gagzo.sa,Infrastructure,9 Months,12/21/2020,Low,Assigned,Bigtax/Redhold
740,May,Jennings,ecmuw@hodrihut.ci,Infrastructure,5 Days,06/07/20,High,Open,Gembucket/Regrant
741,Elmer,Roberson,la@ajiolu.tk,Infrastructure,3 Months,8/17/2020,Medium,InProgress,Alpha/Namfix
742,Harold,Neal,kejif@ri.gi,Infrastructure,1 Day,4/24/2020,Medium,Open,Andalax/Andalax
743,Anthony,Rhodes,egholilo@wagoja.so,Infrastructure,2 Months,12/31/2020,Medium,Pending,Alpha/Latlux
744,Adeline,Collins,eka@temiv.as,Other,1 Week,11/18/2020,New,Pending,Treeflex/Otcom
745,Carolyn,Price,kav@vaswu.no,Other,1 Day,5/15/2020,Medium,InProgress,Tres-Zap/Matsoft
746,Bobby,Gregory,echusu@umo.az,Other,9 Months,9/24/2020,Low,Assigned,Span/Alpha
747,Jeff,Walsh,il@oholeez.vc,Product,1 Week,08/12/20,Low,Assigned,Viva/Cookley
748,Lydia,Moore,nolujus@nacopu.sm,Infrastructure,2 Years,09/12/20,New,Pending,Quo Lux/Daltfresh
749,Jeffrey,Morton,sa@me.ca,Product,2 Days,12/28/2020,High,Open,Cardify/Mat Lam Tam
750,Claudia,Carson,fa@rage.th,Infrastructure,2 Weeks,2/20/2020,New,Assigned,Sonsing/Kanlam
751,Adam,Ortiz,fa@vunoc.fo,Product,2 Days,9/17/2020,Medium,Open,Span/Quo Lux
752,Violet,Dunn,ulufemvi@pi.az,Infrastructure,1 Year,4/17/2020,New,Open,Stronghold/Zoolab
753,Louise,Day,dodjutog@taztu.eu,Infrastructure,2 Months,10/11/20,Medium,Open,Tres-Zap/Span
754,Roxie,Page,hami@gufikodur.ck,Product,1 Week,9/13/2020,Low,Closed,Matsoft/Zontrax
755,Leila,Porter,oco@gerliade.cl,Other,6 Months,05/02/20,Low,Pending,Bitchip/Gembucket
756,Cordelia,Erickson,mojveni@zi.mu,Product,3 Weeks,8/15/2020,Medium,Open,Ronstring/It
757,Ethan,Barber,ud@lahunhac.th,Infrastructure,2 Days,06/05/20,Low,InProgress,Asoka/Quo Lux
758,Lloyd,Jenkins,movuhzi@ler.to,Infrastructure,3 Months,10/31/2020,Medium,InProgress,Vagram/Y-Solowarm
759,Derrick,Estrada,cil@pakgoszu.mt,Product,3 Months,04/01/20,Medium,Improvement,Veribet/Rank
760,Aiden,Myers,bajzetpe@suhjiz.sb,Infrastructure,5 Days,6/19/2020,Medium,Closed,Fintone/Fix San
761,Amelia,Guerrero,aftu@kut.by,Infrastructure,5 Days,5/16/2020,New,Open,Sub-Ex/Namfix
762,Harvey,McDaniel,ocoval@de.st,Product,1 Day,2/15/2020,High,Closed,Tempsoft/Tres-Zap
763,Nora,Collins,zapef@vajdiwdej.gp,Product,9 Months,02/10/20,High,Pending,It/Wrapsafe
764,Ophelia,Arnold,ma@heav.ee,Product,1 Week,03/03/20,Low,Open,Cardify/Job
765,Maggie,Pearson,do@ke.us,Product,2 Months,12/25/2020,High,Assigned,Regrant/Aerified
766,Jared,Boone,wo@leeri.ph,Infrastructure,3 Weeks,11/09/20,Low,Closed,Stim/Prodder
767,Sean,King,maniz@ohtaki.tf,Product,2 Weeks,6/17/2020,New,Pending,Konklux/Fix San
768,Joel,Cox,tifolo@jetav.cm,Other,9 Months,12/09/20,Medium,Open,Zathin/Tresom
769,Hannah,Wallace,gupop@jefpu.mt,Product,1 Week,12/05/20,New,Pending,Tres-Zap/Tresom
770,Tyler,Love,wu@gueles.hr,Other,6 Months,03/04/20,Medium,InProgress,Stringtough/Tampflex
771,Gavin,Massey,doz@wowfuk.sj,Other,5 Days,9/16/2020,Low,Improvement,Asoka/Duobam
772,Travis,Lawrence,te@gumcew.tz,Infrastructure,3 Months,1/18/2021,Medium,Closed,Gembucket/Zamit
773,Shawn,Rodriguez,zozpa@si.sr,Other,9 Months,1/20/2021,High,Pending,Sonair/Solarbreeze
774,Ethan,Obrien,enwiz@bubzow.ec,Product,2 Years,12/10/20,High,InProgress,Stim/Cardguard
775,Rachel,Horton,ba@kuor.kw,Other,1 Year,10/10/20,High,Assigned,Zaam-Dox/Zathin
776,Sophie,Alvarado,pikcan@is.bn,Infrastructure,2 Weeks,10/16/2020,Medium,Open,Voyatouch/Home Ing
777,Owen,Saunders,sacor@punaz.mz,Other,1 Month,2/25/2020,Medium,Open,Namfix/Hatity
778,Eliza,Reynolds,mimne@vegunda.vc,Infrastructure,5 Days,8/21/2020,Low,Open,Bamity/Flowdesk
779,Milton,Willis,piha@utpuji.cn,Product,2 Months,08/04/20,Medium,InProgress,Domainer/Konklux
780,Cecilia,Wilkins,ejoamu@keka.bo,Infrastructure,9 Months,5/22/2020,New,Assigned,Job/Zathin
781,Randy,Gilbert,ucrom@aj.cv,Infrastructure,1 Day,11/16/2020,High,Open,Matsoft/Temp
782,Philip,Boone,titzefvej@anewuc.wf,Other,2 Weeks,3/13/2020,Low,Pending,Toughjoyfax/Daltfresh
783,Frederick,Clayton,robne@icla.vg,Other,9 Months,07/08/20,Medium,Open,Matsoft/Kanlam
784,Hulda,Mullins,joluihe@oku.bn,Product,6 Months,1/19/2021,Medium,Closed,Bitchip/Span
785,Landon,Holmes,ce@gam.aw,Product,6 Months,1/25/2021,Medium,Open,Wrapsafe/Latlux
786,Matilda,Blair,gihadda@putimuwak.cn,Infrastructure,9 Months,8/31/2020,Low,Pending,Matsoft/Ventosanzap
787,Marion,Montgomery,fetopzot@zicet.to,Infrastructure,5 Days,11/15/2020,New,Open,Biodex/Ronstring
788,Ophelia,Rowe,saspa@futawuri.mm,Infrastructure,2 Weeks,6/29/2020,New,Open,Asoka/Overhold
789,Maud,George,ki@fofni.lv,Infrastructure,1 Month,11/05/20,Low,Assigned,Prodder/Y-find
790,Lida,James,atpaji@zofecej.se,Product,6 Months,3/22/2020,High,Pending,Transcof/Lotstring
791,Lester,Martin,va@ivi.do,Other,5 Days,08/08/20,High,InProgress,Zathin/Bitwolf
792,Jane,Hines,er@incu.us,Product,6 Months,09/12/20,High,Pending,Cookley/Lotlux
793,Alberta,Gibson,na@zasru.ma,Infrastructure,3 Weeks,7/22/2020,Low,Assigned,Fixflex/Stronghold
794,Angel,Norman,tafiwbo@keos.fk,Other,2 Days,4/14/2020,New,Closed,Prodder/Quo Lux
795,Jordan,Fitzgerald,virov@jahmev.pt,Product,3 Weeks,05/01/20,Low,Assigned,Holdlamis/Voltsillam
796,Micheal,Wheeler,hothamiz@vehwude.gov,Other,3 Weeks,07/10/20,Medium,Closed,Mat Lam Tam/Keylex
797,Henrietta,Boone,oc@du.tp,Other,1 Day,12/21/2020,Medium,Improvement,Latlux/Fix San
798,Mildred,Barton,dit@lelgogic.pk,Infrastructure,9 Months,11/10/20,New,Improvement,Cardguard/Overhold
799,Pauline,Bridges,febfuv@vukuvpah.ge,Infrastructure,2 Weeks,5/14/2020,New,InProgress,Flexidy/Toughjoyfax
800,Jessie,Carson,forwi@bewobtuv.cc,Other,5 Days,1/24/2021,New,Closed,Regrant/Cookley
801,Lou,Massey,ifej@movka.tk,Product,2 Months,03/06/20,Medium,InProgress,Subin/Tempsoft
802,Dominic,Lynch,heze@do.sj,Infrastructure,2 Weeks,08/08/20,Medium,InProgress,Latlux/Opela
803,Lura,Hammond,ku@coug.gd,Product,1 Year,11/11/20,High,Closed,Lotstring/Fix San
804,Chad,Bush,oc@val.me,Product,1 Week,04/04/20,High,InProgress,It/Subin
805,Isabel,Mann,paful@ehabe.vg,Infrastructure,1 Year,9/16/2020,Low,Closed,Zamit/Sub-Ex
806,Edna,Vega,urowuhun@afokeh.ao,Product,2 Days,09/11/20,High,Assigned,Ventosanzap/Lotstring
807,Kyle,Banks,guwopfo@hi.kz,Infrastructure,2 Months,4/22/2020,Medium,Improvement,Matsoft/Kanlam
808,Dorothy,Torres,onovezci@gehre.gy,Other,2 Days,3/31/2020,New,Open,Voyatouch/It
809,Jorge,Caldwell,zev@ohcoro.sh,Other,2 Days,7/24/2020,New,Pending,Fixflex/Bitchip
810,David,Coleman,on@vez.mx,Infrastructure,2 Months,11/09/20,Low,Pending,Y-find/Cardify
811,Eula,Clark,vef@wecurfu.mk,Product,1 Week,05/12/20,High,Pending,Latlux/Bitchip
812,Georgie,Pope,watizuw@wikodluj.ni,Product,3 Weeks,2/18/2020,Low,Assigned,Kanlam/Transcof
813,Eleanor,Evans,wivmiha@gafot.sh,Other,1 Day,11/11/20,New,Improvement,Quo Lux/Rank
814,Eugenia,Matthews,gufafu@vajervo.sg,Product,6 Months,03/12/20,Low,InProgress,Bitwolf/Wrapsafe
815,Randall,Potter,tifa@je.ls,Infrastructure,5 Days,2/22/2020,Low,Pending,Job/Bytecard
816,Dora,Lowe,ubaur@mage.ki,Product,3 Weeks,3/20/2020,Low,Improvement,Bamity/Mat Lam Tam
817,Garrett,Bishop,vihgec@liwsup.be,Other,3 Months,11/18/2020,High,Assigned,It/Y-find
818,Virgie,Higgins,emu@gej.nf,Infrastructure,1 Month,11/28/2020,High,Closed,Daltfresh/Greenlam
819,Edna,Bryant,ruv@marvisric.co,Other,1 Year,06/02/20,New,Improvement,Wrapsafe/Bitchip
820,Philip,Bailey,vok@kotehi.na,Other,2 Months,8/30/2020,New,Improvement,Zoolab/Sonair
821,Betty,Pena,buguv@igi.vi,Infrastructure,2 Days,02/09/20,Low,Closed,Ventosanzap/Overhold
822,Belle,Bates,utatu@lola.ir,Other,2 Months,4/20/2020,New,Improvement,Tres-Zap/Quo Lux
823,Mollie,McKinney,jim@horaguf.io,Product,1 Day,7/21/2020,Medium,InProgress,Sonair/Cardguard
824,Marcus,Medina,omjet@dupe.ua,Infrastructure,2 Years,12/25/2020,New,Assigned,Hatity/Gembucket
825,Lelia,Patton,te@di.mz,Product,1 Week,12/29/2020,Medium,Improvement,Cardguard/Sonair
826,Pearl,Lucas,ekebetjes@acu.se,Other,2 Weeks,05/10/20,New,Improvement,Alphazap/Flowdesk
827,Birdie,Frank,coale@gafzami.bw,Product,6 Months,01/01/21,New,Improvement,Alphazap/Trippledex
828,Shane,Fields,joziuki@ge.pr,Other,2 Years,1/16/2021,Medium,Assigned,Redhold/Tres-Zap
829,Marie,Turner,fosiv@ifi.mu,Other,1 Year,9/14/2020,Low,Open,Bigtax/Bigtax
830,Sophia,Hodges,pah@gobefe.gy,Product,3 Months,9/22/2020,Low,Open,Rank/Span
831,Maggie,Manning,rar@huowa.bh,Infrastructure,3 Weeks,10/16/2020,High,InProgress,Fix San/Job
832,May,Flowers,ecofla@azeguv.io,Infrastructure,3 Weeks,09/01/20,High,Pending,Stim/Cookley
833,Sarah,Gibson,ki@hokuzu.bh,Infrastructure,6 Months,4/30/2020,Low,Closed,Bytecard/Voyatouch
834,Sara,Ray,huvtif@ijbictew.sm,Infrastructure,1 Day,02/02/20,High,Assigned,Voltsillam/Biodex
835,Aiden,Moreno,dotigi@kilolo.bz,Product,5 Days,5/20/2020,New,Assigned,Regrant/Daltfresh
836,Daniel,May,nifsifkeg@fadvekrab.bn,Product,1 Day,3/27/2020,New,Assigned,Overhold/Wrapsafe
837,Helen,Buchanan,zi@ligzaop.gn,Infrastructure,1 Year,05/02/20,Medium,Pending,Regrant/Cardguard
838,Ruby,Logan,kumru@ucwo.km,Infrastructure,1 Month,7/26/2020,New,InProgress,Stim/Bytecard
839,Lou,Jordan,ru@dip.aw,Other,2 Weeks,10/13/2020,New,Assigned,Bigtax/Redhold
840,Ruth,Soto,ko@kucu.tf,Other,2 Months,7/27/2020,High,InProgress,Gembucket/Regrant
841,Herbert,Owens,fusogoc@ta.nc,Other,1 Week,12/06/20,Medium,InProgress,Alpha/Namfix
842,Dustin,Diaz,kolnu@liresla.cz,Product,2 Weeks,04/08/20,New,Assigned,Andalax/Andalax
843,Virginia,Hill,gurnehej@ufo.rs,Product,2 Weeks,09/02/20,Low,Pending,Alpha/Latlux
844,Cecelia,McBride,ow@avetopu.mk,Product,3 Weeks,12/05/20,Medium,Improvement,Treeflex/Otcom
845,Brett,Freeman,kuawu@vurdegpi.br,Infrastructure,3 Weeks,1/26/2021,High,Closed,Tres-Zap/Matsoft
846,Lester,Schneider,gezfiklud@vapmaga.sm,Infrastructure,1 Day,07/10/20,High,Closed,Span/Alpha
847,Cody,Lynch,putzawwen@ed.gp,Infrastructure,3 Months,07/05/20,Medium,Pending,Viva/Cookley
848,Christopher,Perkins,abemiluh@me.sz,Other,9 Months,01/07/21,Medium,Assigned,Quo Lux/Daltfresh
849,Mable,Ford,kazjanema@tut.ng,Other,3 Weeks,9/15/2020,Medium,Improvement,Cardify/Mat Lam Tam
850,Florence,Fields,lu@gi.net,Infrastructure,1 Week,02/06/20,Low,Assigned,Sonsing/Kanlam
851,Mathilda,Powers,ohipus@wafsuzgo.mm,Infrastructure,2 Months,7/23/2020,New,Open,Span/Quo Lux
852,Myrtie,Gray,lukeiri@wegirvuc.bv,Product,3 Weeks,4/30/2020,Low,Pending,Stronghold/Zoolab
853,Myrtle,Keller,atevad@zawofdel.th,Infrastructure,9 Months,12/13/2020,High,Assigned,Tres-Zap/Span
854,Julia,Shaw,vekve@inbatto.ug,Infrastructure,1 Week,02/06/20,High,Improvement,Matsoft/Zontrax
855,Myrtle,Lee,litahem@vufoh.gw,Product,1 Week,12/19/2020,Low,Assigned,Bitchip/Gembucket
856,Ray,Abbott,tuv@oj.nu,Other,2 Years,1/29/2020,High,InProgress,Ronstring/It
857,Theresa,Riley,lovmi@uldob.gh,Product,2 Days,12/06/20,Medium,Assigned,Asoka/Quo Lux
858,Florence,Daniel,mop@ci.io,Other,2 Days,12/16/2020,Low,Open,Vagram/Y-Solowarm
859,Beatrice,Stone,sep@cebo.bw,Product,2 Years,08/09/20,Low,Pending,Veribet/Rank
860,Lulu,Murphy,te@ce.jp,Infrastructure,2 Days,1/28/2021,High,Assigned,Fintone/Fix San
861,Della,Rodgers,gi@norrij.pt,Product,3 Weeks,6/21/2020,High,Open,Sub-Ex/Namfix
862,Jack,Lloyd,fadleczaz@inuvudit.gi,Product,6 Months,8/16/2020,New,Closed,Tempsoft/Tres-Zap
863,Lucile,Jacobs,obe@ewi.ne,Product,3 Weeks,1/15/2021,Medium,Assigned,It/Wrapsafe
864,Minerva,Soto,rewlun@zophebod.sn,Product,2 Days,3/27/2020,Low,Improvement,Cardify/Job
865,Samuel,Martin,ziwi@pa.dk,Product,5 Days,4/15/2020,Low,Pending,Regrant/Aerified
866,Irene,Ward,iraunli@ceukece.ie,Product,2 Days,01/01/21,New,Assigned,Stim/Prodder
867,Esther,Turner,hijardom@jaretoba.kp,Infrastructure,1 Month,08/11/20,High,Open,Konklux/Fix San
868,Barry,James,gof@resag.fk,Infrastructure,1 Day,1/23/2021,New,Assigned,Zathin/Tresom
869,Theresa,Stone,jorhadhiz@jeburasi.gq,Product,2 Months,7/19/2020,High,Open,Tres-Zap/Tresom
870,Noah,Mullins,awi@horkefgo.tm,Infrastructure,1 Year,11/23/2020,New,Pending,Stringtough/Tampflex
871,Nettie,Byrd,rol@rirlanzu.hu,Other,6 Months,06/12/20,New,Closed,Asoka/Duobam
872,May,Little,hisagek@duamo.su,Infrastructure,2 Days,09/06/20,High,Assigned,Gembucket/Zamit
873,Augusta,Tate,uctekte@dajbo.ga,Product,5 Days,06/03/20,New,Improvement,Sonair/Solarbreeze
874,Alberta,Snyder,obewucvuv@lunporbit.ro,Product,2 Years,1/17/2021,Medium,Closed,Stim/Cardguard
875,Nicholas,Estrada,ubrutinu@eboviz.bz,Product,9 Months,08/06/20,New,InProgress,Zaam-Dox/Zathin
876,Olive,Rodriquez,cin@we.mv,Infrastructure,3 Weeks,4/30/2020,Low,Open,Voyatouch/Home Ing
877,Alfred,Anderson,fipaba@hacin.cd,Product,3 Months,5/14/2020,Low,Closed,Namfix/Hatity
878,Alexander,Erickson,wojniwe@ge.nr,Other,2 Years,7/21/2020,High,Open,Bamity/Flowdesk
879,Jose,Nichols,cev@morhum.np,Other,1 Month,6/17/2020,High,Closed,Domainer/Konklux
880,Tony,Castillo,ped@ojose.hu,Infrastructure,5 Days,9/18/2020,Medium,Assigned,Job/Zathin
881,Beulah,Ballard,gut@pivowro.nl,Product,5 Days,1/28/2021,High,Assigned,Matsoft/Temp
882,Elsie,Mills,we@irgot.dj,Other,1 Month,5/30/2020,High,Open,Toughjoyfax/Daltfresh
883,Joshua,Ryan,se@op.cd,Infrastructure,3 Months,7/22/2020,New,Improvement,Matsoft/Kanlam
884,Harriet,Frazier,luzfeaf@bahwisla.so,Other,1 Week,4/19/2020,High,Assigned,Bitchip/Span
885,Maude,Gibson,uzlu@ju.it,Other,3 Weeks,11/02/20,High,Pending,Wrapsafe/Latlux
886,Louisa,Butler,guzniz@juredeb.by,Product,3 Weeks,12/13/2020,New,Improvement,Matsoft/Ventosanzap
887,Eunice,Rodriguez,po@vofid.gw,Infrastructure,9 Months,04/10/20,Low,Pending,Biodex/Ronstring
888,Kenneth,Hale,zifkuppil@buog.ht,Other,2 Weeks,10/21/2020,High,Improvement,Asoka/Overhold
889,Inez,Myers,nur@idipkig.tl,Infrastructure,5 Days,11/11/20,Low,Closed,Prodder/Y-find
890,Winifred,Lawson,lafiefi@oc.no,Infrastructure,1 Day,01/06/21,High,Pending,Transcof/Lotstring
891,Travis,Palmer,bovkinbac@tomgag.gl,Other,2 Weeks,7/21/2020,Low,Closed,Zathin/Bitwolf
892,Hester,Pope,memode@paj.id,Infrastructure,6 Months,04/09/20,Medium,Pending,Cookley/Lotlux
893,Shawn,Perkins,rusutdun@vuf.ss,Other,2 Days,02/03/20,High,Open,Fixflex/Stronghold
894,Micheal,Norman,ke@wohnukzib.pe,Product,2 Years,1/16/2021,New,InProgress,Prodder/Quo Lux
895,Christopher,Herrera,bos@gihagiebe.ug,Product,2 Days,06/07/20,High,Assigned,Holdlamis/Voltsillam
896,Jon,Perkins,mab@gul.vu,Other,5 Days,06/12/20,High,Improvement,Mat Lam Tam/Keylex
897,Miguel,Perry,dapmauv@giczotus.om,Other,1 Month,08/05/20,New,InProgress,Latlux/Fix San
898,Martin,Alvarado,pius@mizu.gh,Product,2 Days,08/02/20,New,Improvement,Cardguard/Overhold
899,Olivia,Washington,higtollo@vimtu.bs,Other,1 Week,12/14/2020,New,Pending,Flexidy/Toughjoyfax
900,Warren,Freeman,fa@buh.vu,Infrastructure,2 Days,01/10/21,High,Open,Regrant/Cookley
901,Adrian,Watkins,foize@ma.km,Other,2 Weeks,7/30/2020,Medium,Pending,Subin/Tempsoft
902,Sally,Martinez,fow@tasemoz.vn,Product,2 Years,4/15/2020,High,Pending,Latlux/Opela
903,Tyler,Porter,denegipa@nudti.se,Other,3 Months,12/25/2020,High,Open,Lotstring/Fix San
904,Travis,Valdez,gifkeum@nedu.ba,Infrastructure,3 Weeks,06/04/20,High,Assigned,It/Subin
905,Cornelia,Harper,fofoke@puja.de,Other,2 Months,10/24/2020,High,InProgress,Zamit/Sub-Ex
906,Martha,Jennings,pahoval@inomege.mo,Other,3 Weeks,08/05/20,Medium,Pending,Ventosanzap/Lotstring
907,Brett,McDaniel,pihe@za.pm,Other,1 Month,10/05/20,High,Assigned,Matsoft/Kanlam
908,Justin,Reese,fapubaz@ocadomo.at,Infrastructure,5 Days,1/29/2020,Low,Improvement,Voyatouch/It
909,Clara,Martin,cet@conaber.eh,Product,1 Week,6/20/2020,Low,Assigned,Fixflex/Bitchip
910,Adam,Mullins,nosovul@zubitu.cx,Infrastructure,2 Years,4/18/2020,High,Assigned,Y-find/Cardify
911,Caroline,Hubbard,bej@ro.nr,Other,2 Years,04/03/20,High,Closed,Latlux/Bitchip
912,Marvin,Young,fa@ta.ck,Product,2 Days,09/04/20,Medium,Assigned,Kanlam/Transcof
913,Glen,Stewart,gubon@zu.tn,Other,1 Day,9/24/2020,High,InProgress,Quo Lux/Rank
914,Millie,Gonzales,vuifopef@tazdi.sl,Product,1 Year,11/19/2020,Medium,Assigned,Bitwolf/Wrapsafe
915,Maurice,Gibson,hinabko@jol.za,Other,2 Days,7/25/2020,New,Assigned,Job/Bytecard
916,Kevin,Cunningham,aw@puzet.je,Infrastructure,2 Days,4/20/2020,New,Closed,Bamity/Mat Lam Tam
917,Nathan,Sanchez,kako@atbuhi.gm,Product,2 Weeks,6/24/2020,Medium,Improvement,It/Y-find
918,Adrian,Barton,va@ajuuh.mr,Other,2 Months,1/27/2021,New,InProgress,Daltfresh/Greenlam
919,Gussie,Pratt,bewiwmi@vi.cx,Product,2 Years,03/03/20,Low,Open,Wrapsafe/Bitchip
920,Isaiah,Wade,riunewa@reb.cg,Product,1 Week,11/10/20,New,Improvement,Zoolab/Sonair
921,Calvin,Murphy,togesik@ij.mh,Other,5 Days,1/22/2021,New,Assigned,Ventosanzap/Overhold
922,Scott,Hale,dat@segitlen.et,Product,1 Day,10/28/2020,New,Closed,Tres-Zap/Quo Lux
923,Kyle,Higgins,jipiw@jetwurfah.sx,Other,3 Months,08/01/20,New,Improvement,Sonair/Cardguard
924,Christine,Hampton,tevzekmu@tadikkag.sg,Other,6 Months,10/05/20,High,Closed,Hatity/Gembucket
925,Craig,Sanders,ov@uguvikrep.bt,Infrastructure,1 Week,7/19/2020,High,Open,Cardguard/Sonair
926,Eunice,Hampton,be@wen.cv,Other,1 Week,04/01/20,Low,Assigned,Alphazap/Flowdesk
927,Alex,Aguilar,ubigudo@gogkarga.bh,Infrastructure,1 Week,11/15/2020,Medium,InProgress,Alphazap/Trippledex
928,Alex,Jackson,rik@goola.nr,Product,2 Years,9/15/2020,High,InProgress,Redhold/Tres-Zap
929,Donald,McDonald,omuwor@imakoh.cd,Infrastructure,2 Months,11/27/2020,Low,Open,Bigtax/Bigtax
930,Lydia,Vasquez,eggivo@momeme.pm,Other,1 Day,03/03/20,New,Pending,Rank/Span
931,Juan,Mann,najdabu@ni.re,Infrastructure,1 Year,02/02/20,Medium,Pending,Fix San/Job
932,Derek,Norton,nu@teudwi.tz,Infrastructure,2 Weeks,06/10/20,High,Pending,Stim/Cookley
933,Stanley,Hansen,ok@vubnu.us,Other,1 Day,06/04/20,Medium,Pending,Bytecard/Voyatouch
934,Lena,Bass,han@ofosic.by,Other,1 Month,8/16/2020,New,InProgress,Voltsillam/Biodex
935,Eleanor,Sims,inefig@zouc.ml,Product,2 Years,02/09/20,New,Pending,Regrant/Daltfresh
936,Myra,Rhodes,zistip@oke.al,Infrastructure,2 Years,11/19/2020,New,Improvement,Overhold/Wrapsafe
937,Olga,McCoy,lo@jozpi.kw,Infrastructure,2 Weeks,5/29/2020,Medium,Assigned,Regrant/Cardguard
938,Tony,Murphy,rabsevul@endaztu.eg,Infrastructure,2 Years,01/07/21,New,InProgress,Stim/Bytecard
939,Alma,Kennedy,uztam@sunmav.zw,Other,5 Days,1/20/2021,Medium,Closed,Bigtax/Redhold
940,Willie,Davidson,me@rikis.gf,Product,1 Day,6/19/2020,High,Pending,Gembucket/Regrant
941,Irene,Price,wig@guconiz.va,Product,6 Months,02/05/20,Low,Pending,Alpha/Namfix
942,Francis,Hampton,po@wuha.fk,Infrastructure,1 Week,04/03/20,Low,InProgress,Andalax/Andalax
943,Nathaniel,McCormick,gin@pu.dz,Other,1 Year,11/04/20,Low,Improvement,Alpha/Latlux
944,Mabelle,Manning,tarpoktu@up.ph,Product,1 Day,3/28/2020,Low,Pending,Treeflex/Otcom
945,Jim,Townsend,bukeci@uvza.vg,Product,6 Months,11/03/20,New,Improvement,Tres-Zap/Matsoft
946,Gerald,Jennings,viputdu@ufhab.sm,Product,1 Day,09/11/20,New,Closed,Span/Alpha
947,Lucy,Harrison,lef@lan.gl,Product,2 Years,09/06/20,Low,Open,Viva/Cookley
948,Eric,Doyle,bam@furbabeb.gl,Other,2 Days,4/18/2020,Medium,InProgress,Quo Lux/Daltfresh
949,Mathilda,Collier,hehu@jowirsu.no,Product,1 Day,5/14/2020,High,InProgress,Cardify/Mat Lam Tam
950,Donald,Poole,rodfavuf@oh.gq,Other,2 Days,4/26/2020,High,Closed,Sonsing/Kanlam
951,Louis,Walton,mukazwur@ognulec.cg,Infrastructure,9 Months,04/05/20,Medium,Open,Span/Quo Lux
952,Alex,Palmer,ukdajma@dezitbo.af,Other,5 Days,9/24/2020,Low,InProgress,Stronghold/Zoolab
953,Ora,Sherman,gal@hoz.ht,Other,2 Days,12/27/2020,New,Closed,Tres-Zap/Span
954,Cole,Casey,zoge@huarko.sd,Other,3 Weeks,08/07/20,New,Improvement,Matsoft/Zontrax
955,Eugene,Luna,kichi@ig.aw,Other,2 Years,01/03/21,New,Open,Bitchip/Gembucket
956,Lena,Terry,wuragama@uf.hr,Infrastructure,2 Days,2/17/2020,High,InProgress,Ronstring/It
957,Jackson,Ortiz,ivkipkem@gure.sn,Infrastructure,1 Year,7/18/2020,New,Open,Asoka/Quo Lux
958,Jerome,Porter,amgur@efuwiru.au,Product,9 Months,1/23/2021,Low,Pending,Vagram/Y-Solowarm
959,Linnie,Manning,givoaj@jejgolco.ps,Product,1 Year,01/06/21,Medium,Closed,Veribet/Rank
960,Irene,Knight,bicajiz@gidle.cu,Infrastructure,3 Weeks,6/15/2020,New,Open,Fintone/Fix San
961,Madge,Clayton,tahheun@furokda.br,Infrastructure,2 Days,06/10/20,Low,Open,Sub-Ex/Namfix
962,Christian,Casey,bo@leti.lb,Other,2 Months,7/22/2020,Medium,Pending,Tempsoft/Tres-Zap
963,Hannah,Todd,tafcog@pit.bw,Other,1 Week,01/01/21,High,Assigned,It/Wrapsafe
964,Derrick,Gordon,newer@ruum.la,Other,6 Months,08/04/20,High,Closed,Cardify/Job
965,Wayne,Sandoval,lob@jebaeg.mw,Infrastructure,6 Months,05/10/20,New,InProgress,Regrant/Aerified
966,Violet,Marsh,malduz@wid.np,Infrastructure,1 Day,11/05/20,New,Improvement,Stim/Prodder
967,Ann,Moss,delbo@kaenonu.ag,Infrastructure,6 Months,3/17/2020,High,Pending,Konklux/Fix San
968,Roger,Guzman,fissu@hi.uy,Product,3 Months,07/02/20,Medium,Pending,Zathin/Tresom
969,Christian,Perry,uhvi@vapgi.sm,Infrastructure,2 Years,02/07/20,Low,InProgress,Tres-Zap/Tresom
970,James,Dixon,asfisapu@afaud.gb,Infrastructure,6 Months,2/28/2020,High,Closed,Stringtough/Tampflex
971,Devin,McKinney,efan@neabo.bj,Product,3 Months,8/23/2020,High,Improvement,Asoka/Duobam
972,Eunice,Douglas,edijegim@kigova.si,Other,5 Days,06/07/20,New,Improvement,Gembucket/Zamit
973,Clayton,Medina,tu@velo.om,Other,2 Weeks,10/03/20,Low,Closed,Sonair/Solarbreeze
974,Louisa,McDonald,jilud@ipoweho.ar,Infrastructure,3 Months,9/30/2020,Low,Improvement,Stim/Cardguard
975,Pearl,Dawson,hemom@am.gg,Infrastructure,9 Months,06/06/20,Medium,InProgress,Zaam-Dox/Zathin
976,Ella,Lamb,vokiun@hopjud.ps,Other,9 Months,10/18/2020,Low,Closed,Voyatouch/Home Ing
977,Ora,Bradley,dunzosrim@lew.pg,Infrastructure,2 Years,5/27/2020,Low,Pending,Namfix/Hatity
978,George,Fletcher,oz@fof.gn,Other,2 Days,12/18/2020,New,InProgress,Bamity/Flowdesk
979,Leah,Chandler,hikorcep@ra.uk,Product,1 Year,5/25/2020,New,Pending,Domainer/Konklux
980,Mabelle,Craig,joh@coagcez.ge,Other,3 Weeks,07/02/20,Low,InProgress,Job/Zathin
981,Carrie,Thomas,nihocdas@kev.gl,Other,2 Weeks,06/05/20,High,Assigned,Matsoft/Temp
982,Chris,West,di@hegsi.ml,Infrastructure,2 Years,4/29/2020,Medium,Improvement,Toughjoyfax/Daltfresh
983,Winnie,Wolfe,ledibe@jarkupnud.an,Infrastructure,1 Month,2/20/2020,New,Closed,Matsoft/Kanlam
984,Nina,Rowe,ji@okhikej.kg,Other,3 Weeks,12/14/2020,High,Open,Bitchip/Span
985,Birdie,Riley,jac@leveca.ro,Other,1 Month,3/13/2020,High,Improvement,Wrapsafe/Latlux
986,Gene,Hill,hulofuw@tod.gb,Other,3 Weeks,9/27/2020,Medium,Assigned,Matsoft/Ventosanzap
987,Charles,Adams,uhosa@vohosic.ni,Other,5 Days,12/02/20,New,Open,Biodex/Ronstring
988,Hattie,Hodges,fiohma@zos.ly,Product,2 Days,03/06/20,High,Pending,Asoka/Overhold
989,Curtis,Page,sajez@wu.ac,Infrastructure,5 Days,03/12/20,Medium,InProgress,Prodder/Y-find
990,Clyde,Harrison,ucja@sot.sm,Other,9 Months,9/23/2020,Medium,Closed,Transcof/Lotstring
991,Caroline,Reid,fo@hezdopi.dk,Other,1 Year,04/08/20,High,Assigned,Zathin/Bitwolf
992,Emilie,Nguyen,ovi@hivovofu.sc,Infrastructure,1 Day,7/25/2020,Low,InProgress,Cookley/Lotlux
993,Harvey,Phillips,fitozokej@avecuop.gd,Infrastructure,5 Days,05/01/20,Low,Assigned,Fixflex/Stronghold
994,Lizzie,Aguilar,manjut@ceb.cg,Infrastructure,9 Months,11/09/20,High,Pending,Prodder/Quo Lux
995,Hulda,Wolfe,co@lamok.kz,Product,6 Months,02/01/20,Medium,Closed,Holdlamis/Voltsillam
996,Estelle,Simmons,dosako@as.gp,Infrastructure,1 Week,3/22/2020,New,Open,Mat Lam Tam/Keylex
997,Agnes,Boyd,tew@lovzudagu.mz,Product,5 Days,07/12/20,Low,InProgress,Latlux/Fix San
998,Ronald,Johnston,geuf@awa.bv,Infrastructure,1 Year,02/09/20,High,Assigned,Cardguard/Overhold
999,Kevin,Becker,so@tidon.sy,Product,1 Year,07/03/20,Medium,InProgress,Flexidy/Toughjoyfax
1000,Jesse,Howard,tu@eguse.ve,Infrastructure,2 Years,04/07/20,New,Open,Regrant/Cookley